1	base	seqlen_q=2048,seqlen_k=2048,packed_ck_ms=3.40577388,staged_ck_ms=1.38951302,staged_speedup=2.45105577,max_abs=6.10351562e-05,mean_abs=5.01400014e-07,staged_scratch_bytes=58720256
1	base	seqlen_q=2048,seqlen_k=4096,packed_ck_ms=9.15540218,staged_ck_ms=3.34232593,staged_speedup=2.73923087,max_abs=1.90734863e-06,mean_abs=9.28949362e-08,staged_scratch_bytes=67108864
1	base	seqlen_q=2048,seqlen_k=6144,packed_ck_ms=14.7295866,staged_ck_ms=5.50990391,staged_speedup=2.67329288,max_abs=9.53674316e-07,mean_abs=5.43407547e-08,staged_scratch_bytes=75497472
1	base	seqlen_q=2048,seqlen_k=8192,packed_ck_ms=20.476696,staged_ck_ms=7.8075242,staged_speedup=2.62268758,max_abs=4.76837158e-07,mean_abs=3.8546015e-08,staged_scratch_bytes=83886080
1	cand	seqlen_q=2048,seqlen_k=2048,packed_ck_ms=3.43433094,staged_ck_ms=1.34183598,staged_speedup=2.55942678,max_abs=0,mean_abs=0,staged_scratch_bytes=58720256
1	cand	seqlen_q=2048,seqlen_k=4096,packed_ck_ms=9.32440186,staged_ck_ms=3.10159993,staged_speedup=3.00632,max_abs=0,mean_abs=0,staged_scratch_bytes=67108864
1	cand	seqlen_q=2048,seqlen_k=6144,packed_ck_ms=14.8137083,staged_ck_ms=5.04077101,staged_speedup=2.93877816,max_abs=0,mean_abs=0,staged_scratch_bytes=75497472
1	cand	seqlen_q=2048,seqlen_k=8192,packed_ck_ms=20.6998634,staged_ck_ms=7.6043992,staged_speedup=2.72209048,max_abs=0,mean_abs=0,staged_scratch_bytes=83886080
2	cand	seqlen_q=2048,seqlen_k=2048,packed_ck_ms=3.47293591,staged_ck_ms=1.33915699,staged_speedup=2.59337473,max_abs=0,mean_abs=0,staged_scratch_bytes=58720256
2	cand	seqlen_q=2048,seqlen_k=4096,packed_ck_ms=9.43612576,staged_ck_ms=3.1316421,staged_speedup=3.01315594,max_abs=0,mean_abs=0,staged_scratch_bytes=67108864
2	cand	seqlen_q=2048,seqlen_k=6144,packed_ck_ms=14.7027464,staged_ck_ms=5.07625294,staged_speedup=2.8963778,max_abs=0,mean_abs=0,staged_scratch_bytes=75497472
2	cand	seqlen_q=2048,seqlen_k=8192,packed_ck_ms=20.6138573,staged_ck_ms=7.683002,staged_speedup=2.68304729,max_abs=0,mean_abs=0,staged_scratch_bytes=83886080
2	base	seqlen_q=2048,seqlen_k=2048,packed_ck_ms=3.42857289,staged_ck_ms=1.38275898,staged_speedup=2.47951603,max_abs=6.10351562e-05,mean_abs=5.01400014e-07,staged_scratch_bytes=58720256
2	base	seqlen_q=2048,seqlen_k=4096,packed_ck_ms=9.25184727,staged_ck_ms=3.33608699,staged_speedup=2.77326322,max_abs=1.90734863e-06,mean_abs=9.28949362e-08,staged_scratch_bytes=67108864
2	base	seqlen_q=2048,seqlen_k=6144,packed_ck_ms=14.7517099,staged_ck_ms=5.45566511,staged_speedup=2.70392513,max_abs=9.53674316e-07,mean_abs=5.43407547e-08,staged_scratch_bytes=75497472
2	base	seqlen_q=2048,seqlen_k=8192,packed_ck_ms=20.4467754,staged_ck_ms=7.85636616,staged_speedup=2.60257411,max_abs=4.76837158e-07,mean_abs=3.8546015e-08,staged_scratch_bytes=83886080
3	base	seqlen_q=2048,seqlen_k=2048,packed_ck_ms=3.42145395,staged_ck_ms=1.40219998,staged_speedup=2.44006133,max_abs=6.10351562e-05,mean_abs=5.01400014e-07,staged_scratch_bytes=58720256
3	base	seqlen_q=2048,seqlen_k=4096,packed_ck_ms=9.33348656,staged_ck_ms=3.39112997,staged_speedup=2.75232339,max_abs=1.90734863e-06,mean_abs=9.28949362e-08,staged_scratch_bytes=67108864
3	base	seqlen_q=2048,seqlen_k=6144,packed_ck_ms=14.8327913,staged_ck_ms=5.39774179,staged_speedup=2.74796247,max_abs=9.53674316e-07,mean_abs=5.43407547e-08,staged_scratch_bytes=75497472
3	base	seqlen_q=2048,seqlen_k=8192,packed_ck_ms=20.50354,staged_ck_ms=7.86880779,staged_speedup=2.60567307,max_abs=4.76837158e-07,mean_abs=3.8546015e-08,staged_scratch_bytes=83886080
3	cand	seqlen_q=2048,seqlen_k=2048,packed_ck_ms=3.428653,staged_ck_ms=1.33147705,staged_speedup=2.57507491,max_abs=0,mean_abs=0,staged_scratch_bytes=58720256
3	cand	seqlen_q=2048,seqlen_k=4096,packed_ck_ms=9.34564781,staged_ck_ms=3.13880301,staged_speedup=2.97745609,max_abs=0,mean_abs=0,staged_scratch_bytes=67108864
3	cand	seqlen_q=2048,seqlen_k=6144,packed_ck_ms=14.8306322,staged_ck_ms=5.10885382,staged_speedup=2.9029274,max_abs=0,mean_abs=0,staged_scratch_bytes=75497472
3	cand	seqlen_q=2048,seqlen_k=8192,packed_ck_ms=20.7703075,staged_ck_ms=7.52175999,staged_speedup=2.76136279,max_abs=0,mean_abs=0,staged_scratch_bytes=83886080
4	cand	seqlen_q=2048,seqlen_k=2048,packed_ck_ms=3.42436194,staged_ck_ms=1.33959794,staged_speedup=2.55626106,max_abs=0,mean_abs=0,staged_scratch_bytes=58720256
4	cand	seqlen_q=2048,seqlen_k=4096,packed_ck_ms=9.40373421,staged_ck_ms=3.07268,staged_speedup=3.06043386,max_abs=0,mean_abs=0,staged_scratch_bytes=67108864
4	cand	seqlen_q=2048,seqlen_k=6144,packed_ck_ms=14.9040728,staged_ck_ms=5.0964942,staged_speedup=2.92437744,max_abs=0,mean_abs=0,staged_scratch_bytes=75497472
4	cand	seqlen_q=2048,seqlen_k=8192,packed_ck_ms=20.6607475,staged_ck_ms=7.5345192,staged_speedup=2.74214554,max_abs=0,mean_abs=0,staged_scratch_bytes=83886080
4	base	seqlen_q=2048,seqlen_k=2048,packed_ck_ms=3.42200899,staged_ck_ms=1.41288197,staged_speedup=2.42200637,max_abs=6.10351562e-05,mean_abs=5.01400014e-07,staged_scratch_bytes=58720256
4	base	seqlen_q=2048,seqlen_k=4096,packed_ck_ms=9.39061069,staged_ck_ms=3.41049194,staged_speedup=2.75344753,max_abs=1.90734863e-06,mean_abs=9.28949362e-08,staged_scratch_bytes=67108864
4	base	seqlen_q=2048,seqlen_k=6144,packed_ck_ms=14.7489519,staged_ck_ms=5.4543848,staged_speedup=2.70405412,max_abs=9.53674316e-07,mean_abs=5.43407547e-08,staged_scratch_bytes=75497472
4	base	seqlen_q=2048,seqlen_k=8192,packed_ck_ms=20.6152687,staged_ck_ms=7.83472776,staged_speedup=2.63126802,max_abs=4.76837158e-07,mean_abs=3.8546015e-08,staged_scratch_bytes=83886080
5	base	seqlen_q=2048,seqlen_k=2048,packed_ck_ms=3.43306494,staged_ck_ms=1.40352297,staged_speedup=2.44603395,max_abs=6.10351562e-05,mean_abs=5.01400014e-07,staged_scratch_bytes=58720256
5	base	seqlen_q=2048,seqlen_k=4096,packed_ck_ms=9.5158968,staged_ck_ms=3.38253188,staged_speedup=2.81324673,max_abs=1.90734863e-06,mean_abs=9.28949362e-08,staged_scratch_bytes=67108864
5	base	seqlen_q=2048,seqlen_k=6144,packed_ck_ms=14.7559538,staged_ck_ms=5.48302698,staged_speedup=2.69120574,max_abs=9.53674316e-07,mean_abs=5.43407547e-08,staged_scratch_bytes=75497472
5	base	seqlen_q=2048,seqlen_k=8192,packed_ck_ms=20.652071,staged_ck_ms=7.84872913,staged_speedup=2.63126302,max_abs=4.76837158e-07,mean_abs=3.8546015e-08,staged_scratch_bytes=83886080
5	cand	seqlen_q=2048,seqlen_k=2048,packed_ck_ms=3.44873691,staged_ck_ms=1.33647799,staged_speedup=2.58046675,max_abs=0,mean_abs=0,staged_scratch_bytes=58720256
5	cand	seqlen_q=2048,seqlen_k=4096,packed_ck_ms=9.60965538,staged_ck_ms=3.167804,staged_speedup=3.03353858,max_abs=0,mean_abs=0,staged_scratch_bytes=67108864
5	cand	seqlen_q=2048,seqlen_k=6144,packed_ck_ms=15.0757217,staged_ck_ms=5.16897821,staged_speedup=2.91657686,max_abs=0,mean_abs=0,staged_scratch_bytes=75497472
5	cand	seqlen_q=2048,seqlen_k=8192,packed_ck_ms=20.7551517,staged_ck_ms=7.6287241,staged_speedup=2.7206583,max_abs=0,mean_abs=0,staged_scratch_bytes=83886080
6	cand	seqlen_q=2048,seqlen_k=2048,packed_ck_ms=3.45889091,staged_ck_ms=1.34935498,staged_speedup=2.56336617,max_abs=0,mean_abs=0,staged_scratch_bytes=58720256
6	cand	seqlen_q=2048,seqlen_k=4096,packed_ck_ms=9.53465271,staged_ck_ms=3.12160301,staged_speedup=3.05440903,max_abs=0,mean_abs=0,staged_scratch_bytes=67108864
6	cand	seqlen_q=2048,seqlen_k=6144,packed_ck_ms=14.7479143,staged_ck_ms=5.22218084,staged_speedup=2.82409096,max_abs=0,mean_abs=0,staged_scratch_bytes=75497472
6	cand	seqlen_q=2048,seqlen_k=8192,packed_ck_ms=20.7943573,staged_ck_ms=7.58884287,staged_speedup=2.74012232,max_abs=0,mean_abs=0,staged_scratch_bytes=83886080
6	base	seqlen_q=2048,seqlen_k=2048,packed_ck_ms=3.44602203,staged_ck_ms=1.40780103,staged_speedup=2.44780469,max_abs=6.10351562e-05,mean_abs=5.01400014e-07,staged_scratch_bytes=58720256
6	base	seqlen_q=2048,seqlen_k=4096,packed_ck_ms=9.36085129,staged_ck_ms=3.31944895,staged_speedup=2.8200016,max_abs=1.90734863e-06,mean_abs=9.28949362e-08,staged_scratch_bytes=67108864
6	base	seqlen_q=2048,seqlen_k=6144,packed_ck_ms=14.8414001,staged_ck_ms=5.461308,staged_speedup=2.71755409,max_abs=9.53674316e-07,mean_abs=5.43407547e-08,staged_scratch_bytes=75497472
6	base	seqlen_q=2048,seqlen_k=8192,packed_ck_ms=20.5532341,staged_ck_ms=7.9357729,staged_speedup=2.58994746,max_abs=4.76837158e-07,mean_abs=3.8546015e-08,staged_scratch_bytes=83886080
7	base	seqlen_q=2048,seqlen_k=2048,packed_ck_ms=3.45289493,staged_ck_ms=1.40344,staged_speedup=2.46030807,max_abs=6.10351562e-05,mean_abs=5.01400014e-07,staged_scratch_bytes=58720256
7	base	seqlen_q=2048,seqlen_k=4096,packed_ck_ms=9.41109371,staged_ck_ms=3.37697101,staged_speedup=2.78684473,max_abs=1.90734863e-06,mean_abs=9.28949362e-08,staged_scratch_bytes=67108864
7	base	seqlen_q=2048,seqlen_k=6144,packed_ck_ms=14.8206387,staged_ck_ms=5.34878397,staged_speedup=2.77084255,max_abs=9.53674316e-07,mean_abs=5.43407547e-08,staged_scratch_bytes=75497472
7	base	seqlen_q=2048,seqlen_k=8192,packed_ck_ms=20.7819195,staged_ck_ms=7.78021097,staged_speedup=2.67112541,max_abs=4.76837158e-07,mean_abs=3.8546015e-08,staged_scratch_bytes=83886080
7	cand	seqlen_q=2048,seqlen_k=2048,packed_ck_ms=3.471982,staged_ck_ms=1.35132003,staged_speedup=2.56932616,max_abs=0,mean_abs=0,staged_scratch_bytes=58720256
7	cand	seqlen_q=2048,seqlen_k=4096,packed_ck_ms=9.51898003,staged_ck_ms=3.18688703,staged_speedup=2.98692107,max_abs=0,mean_abs=0,staged_scratch_bytes=67108864
7	cand	seqlen_q=2048,seqlen_k=6144,packed_ck_ms=14.7773209,staged_ck_ms=5.05013609,staged_speedup=2.92612338,max_abs=0,mean_abs=0,staged_scratch_bytes=75497472
7	cand	seqlen_q=2048,seqlen_k=8192,packed_ck_ms=20.9079647,staged_ck_ms=7.60308599,staged_speedup=2.74993134,max_abs=0,mean_abs=0,staged_scratch_bytes=83886080
8	cand	seqlen_q=2048,seqlen_k=2048,packed_ck_ms=3.48573899,staged_ck_ms=1.36639905,staged_speedup=2.55104017,max_abs=0,mean_abs=0,staged_scratch_bytes=58720256
8	cand	seqlen_q=2048,seqlen_k=4096,packed_ck_ms=9.57694244,staged_ck_ms=3.14948606,staged_speedup=3.04079533,max_abs=0,mean_abs=0,staged_scratch_bytes=67108864
8	cand	seqlen_q=2048,seqlen_k=6144,packed_ck_ms=14.8944454,staged_ck_ms=5.14234018,staged_speedup=2.89643335,max_abs=0,mean_abs=0,staged_scratch_bytes=75497472
8	cand	seqlen_q=2048,seqlen_k=8192,packed_ck_ms=20.9065266,staged_ck_ms=7.48472214,staged_speedup=2.79322672,max_abs=0,mean_abs=0,staged_scratch_bytes=83886080
8	base	seqlen_q=2048,seqlen_k=2048,packed_ck_ms=3.451895,staged_ck_ms=1.41635895,staged_speedup=2.43716121,max_abs=6.10351562e-05,mean_abs=5.01400014e-07,staged_scratch_bytes=58720256
8	base	seqlen_q=2048,seqlen_k=4096,packed_ck_ms=9.50925922,staged_ck_ms=3.38769197,staged_speedup=2.80700231,max_abs=1.90734863e-06,mean_abs=9.28949362e-08,staged_scratch_bytes=67108864
8	base	seqlen_q=2048,seqlen_k=6144,packed_ck_ms=14.9161692,staged_ck_ms=5.46247196,staged_speedup=2.73066282,max_abs=9.53674316e-07,mean_abs=5.43407547e-08,staged_scratch_bytes=75497472
8	base	seqlen_q=2048,seqlen_k=8192,packed_ck_ms=20.8490086,staged_ck_ms=7.94305611,staged_speedup=2.6248095,max_abs=4.76837158e-07,mean_abs=3.8546015e-08,staged_scratch_bytes=83886080
9	base	seqlen_q=2048,seqlen_k=2048,packed_ck_ms=3.45745993,staged_ck_ms=1.40604305,staged_speedup=2.45900011,max_abs=6.10351562e-05,mean_abs=5.01400014e-07,staged_scratch_bytes=58720256
9	base	seqlen_q=2048,seqlen_k=4096,packed_ck_ms=9.44958115,staged_ck_ms=3.39161205,staged_speedup=2.78616214,max_abs=1.90734863e-06,mean_abs=9.28949362e-08,staged_scratch_bytes=67108864
9	base	seqlen_q=2048,seqlen_k=6144,packed_ck_ms=14.8477669,staged_ck_ms=5.50923109,staged_speedup=2.69507074,max_abs=9.53674316e-07,mean_abs=5.43407547e-08,staged_scratch_bytes=75497472
9	base	seqlen_q=2048,seqlen_k=8192,packed_ck_ms=20.7242088,staged_ck_ms=7.91853619,staged_speedup=2.61717677,max_abs=4.76837158e-07,mean_abs=3.8546015e-08,staged_scratch_bytes=83886080
9	cand	seqlen_q=2048,seqlen_k=2048,packed_ck_ms=3.4746139,staged_ck_ms=1.35451698,staged_speedup=2.5652051,max_abs=0,mean_abs=0,staged_scratch_bytes=58720256
9	cand	seqlen_q=2048,seqlen_k=4096,packed_ck_ms=9.5959444,staged_ck_ms=3.25037003,staged_speedup=2.95226216,max_abs=0,mean_abs=0,staged_scratch_bytes=67108864
9	cand	seqlen_q=2048,seqlen_k=6144,packed_ck_ms=14.836484,staged_ck_ms=5.03597689,staged_speedup=2.94609857,max_abs=0,mean_abs=0,staged_scratch_bytes=75497472
9	cand	seqlen_q=2048,seqlen_k=8192,packed_ck_ms=20.812212,staged_ck_ms=7.67853022,staged_speedup=2.71044207,max_abs=0,mean_abs=0,staged_scratch_bytes=83886080
10	cand	seqlen_q=2048,seqlen_k=2048,packed_ck_ms=3.46641397,staged_ck_ms=1.369398,staged_speedup=2.53134155,max_abs=0,mean_abs=0,staged_scratch_bytes=58720256
10	cand	seqlen_q=2048,seqlen_k=4096,packed_ck_ms=9.60910225,staged_ck_ms=3.18356705,staged_speedup=3.01834464,max_abs=0,mean_abs=0,staged_scratch_bytes=67108864
10	cand	seqlen_q=2048,seqlen_k=6144,packed_ck_ms=14.8968906,staged_ck_ms=5.07914019,staged_speedup=2.93295527,max_abs=0,mean_abs=0,staged_scratch_bytes=75497472
10	cand	seqlen_q=2048,seqlen_k=8192,packed_ck_ms=20.7848511,staged_ck_ms=7.72949219,staged_speedup=2.68903184,max_abs=0,mean_abs=0,staged_scratch_bytes=83886080
10	base	seqlen_q=2048,seqlen_k=2048,packed_ck_ms=3.47362304,staged_ck_ms=1.40276003,staged_speedup=2.47627735,max_abs=6.10351562e-05,mean_abs=5.01400014e-07,staged_scratch_bytes=58720256
10	base	seqlen_q=2048,seqlen_k=4096,packed_ck_ms=9.60326672,staged_ck_ms=3.38061404,staged_speedup=2.84068704,max_abs=1.90734863e-06,mean_abs=9.28949362e-08,staged_scratch_bytes=67108864
10	base	seqlen_q=2048,seqlen_k=6144,packed_ck_ms=14.9331293,staged_ck_ms=5.44266987,staged_speedup=2.74371386,max_abs=9.53674316e-07,mean_abs=5.43407547e-08,staged_scratch_bytes=75497472
10	base	seqlen_q=2048,seqlen_k=8192,packed_ck_ms=20.7708912,staged_ck_ms=7.7226119,staged_speedup=2.68962002,max_abs=4.76837158e-07,mean_abs=3.8546015e-08,staged_scratch_bytes=83886080
11	base	seqlen_q=2048,seqlen_k=2048,packed_ck_ms=3.46657395,staged_ck_ms=1.41903698,staged_speedup=2.4429059,max_abs=6.10351562e-05,mean_abs=5.01400014e-07,staged_scratch_bytes=58720256
11	base	seqlen_q=2048,seqlen_k=4096,packed_ck_ms=9.48933887,staged_ck_ms=3.39929104,staged_speedup=2.79156423,max_abs=1.90734863e-06,mean_abs=9.28949362e-08,staged_scratch_bytes=67108864
11	base	seqlen_q=2048,seqlen_k=6144,packed_ck_ms=14.9353676,staged_ck_ms=5.54335213,staged_speedup=2.69428444,max_abs=9.53674316e-07,mean_abs=5.43407547e-08,staged_scratch_bytes=75497472
11	base	seqlen_q=2048,seqlen_k=8192,packed_ck_ms=20.7923717,staged_ck_ms=7.85397482,staged_speedup=2.64736938,max_abs=4.76837158e-07,mean_abs=3.8546015e-08,staged_scratch_bytes=83886080
11	cand	seqlen_q=2048,seqlen_k=2048,packed_ck_ms=3.46745896,staged_ck_ms=1.35803795,staged_speedup=2.55328584,max_abs=0,mean_abs=0,staged_scratch_bytes=58720256
11	cand	seqlen_q=2048,seqlen_k=4096,packed_ck_ms=9.61422443,staged_ck_ms=3.16676688,staged_speedup=3.03597474,max_abs=0,mean_abs=0,staged_scratch_bytes=67108864
11	cand	seqlen_q=2048,seqlen_k=6144,packed_ck_ms=14.9560118,staged_ck_ms=5.04309893,staged_speedup=2.96563911,max_abs=0,mean_abs=0,staged_scratch_bytes=75497472
11	cand	seqlen_q=2048,seqlen_k=8192,packed_ck_ms=20.8695755,staged_ck_ms=7.61849022,staged_speedup=2.7393322,max_abs=0,mean_abs=0,staged_scratch_bytes=83886080
12	cand	seqlen_q=2048,seqlen_k=2048,packed_ck_ms=3.47674298,staged_ck_ms=1.34535599,staged_speedup=2.58425498,max_abs=0,mean_abs=0,staged_scratch_bytes=58720256
12	cand	seqlen_q=2048,seqlen_k=4096,packed_ck_ms=9.64010429,staged_ck_ms=3.12280703,staged_speedup=3.08699965,max_abs=0,mean_abs=0,staged_scratch_bytes=67108864
12	cand	seqlen_q=2048,seqlen_k=6144,packed_ck_ms=14.9876175,staged_ck_ms=5.21170378,staged_speedup=2.87576151,max_abs=0,mean_abs=0,staged_scratch_bytes=75497472
12	cand	seqlen_q=2048,seqlen_k=8192,packed_ck_ms=20.9086971,staged_ck_ms=7.59201002,staged_speedup=2.75403976,max_abs=0,mean_abs=0,staged_scratch_bytes=83886080
12	base	seqlen_q=2048,seqlen_k=2048,packed_ck_ms=3.46101904,staged_ck_ms=1.40972197,staged_speedup=2.45510745,max_abs=6.10351562e-05,mean_abs=5.01400014e-07,staged_scratch_bytes=58720256
12	base	seqlen_q=2048,seqlen_k=4096,packed_ck_ms=9.45966625,staged_ck_ms=3.44341707,staged_speedup=2.74717402,max_abs=1.90734863e-06,mean_abs=9.28949362e-08,staged_scratch_bytes=67108864
12	base	seqlen_q=2048,seqlen_k=6144,packed_ck_ms=14.8137712,staged_ck_ms=5.48499203,staged_speedup=2.70078254,max_abs=9.53674316e-07,mean_abs=5.43407547e-08,staged_scratch_bytes=75497472
12	base	seqlen_q=2048,seqlen_k=8192,packed_ck_ms=20.6588135,staged_ck_ms=8.08686352,staged_speedup=2.55461383,max_abs=4.76837158e-07,mean_abs=3.8546015e-08,staged_scratch_bytes=83886080
13	base	seqlen_q=2048,seqlen_k=2048,packed_ck_ms=3.46349907,staged_ck_ms=1.42715895,staged_speedup=2.42684889,max_abs=6.10351562e-05,mean_abs=5.01400014e-07,staged_scratch_bytes=58720256
13	base	seqlen_q=2048,seqlen_k=4096,packed_ck_ms=9.48370743,staged_ck_ms=3.41621494,staged_speedup=2.77608633,max_abs=1.90734863e-06,mean_abs=9.28949362e-08,staged_scratch_bytes=67108864
13	base	seqlen_q=2048,seqlen_k=6144,packed_ck_ms=15.0063372,staged_ck_ms=5.44131184,staged_speedup=2.75785279,max_abs=9.53674316e-07,mean_abs=5.43407547e-08,staged_scratch_bytes=75497472
13	base	seqlen_q=2048,seqlen_k=8192,packed_ck_ms=20.8045769,staged_ck_ms=7.93614101,staged_speedup=2.62149787,max_abs=4.76837158e-07,mean_abs=3.8546015e-08,staged_scratch_bytes=83886080
13	cand	seqlen_q=2048,seqlen_k=2048,packed_ck_ms=3.482342,staged_ck_ms=1.35243905,staged_speedup=2.57486057,max_abs=0,mean_abs=0,staged_scratch_bytes=58720256
13	cand	seqlen_q=2048,seqlen_k=4096,packed_ck_ms=9.6171484,staged_ck_ms=3.17836809,staged_speedup=3.02581334,max_abs=0,mean_abs=0,staged_scratch_bytes=67108864
13	cand	seqlen_q=2048,seqlen_k=6144,packed_ck_ms=14.9966974,staged_ck_ms=5.10414076,staged_speedup=2.93814349,max_abs=0,mean_abs=0,staged_scratch_bytes=75497472
13	cand	seqlen_q=2048,seqlen_k=8192,packed_ck_ms=20.8680191,staged_ck_ms=7.68985415,staged_speedup=2.71370816,max_abs=0,mean_abs=0,staged_scratch_bytes=83886080
14	cand	seqlen_q=2048,seqlen_k=2048,packed_ck_ms=3.4898591,staged_ck_ms=1.35511804,staged_speedup=2.57531738,max_abs=0,mean_abs=0,staged_scratch_bytes=58720256
14	cand	seqlen_q=2048,seqlen_k=4096,packed_ck_ms=9.6384697,staged_ck_ms=3.14556909,staged_speedup=3.06414175,max_abs=0,mean_abs=0,staged_scratch_bytes=67108864
14	cand	seqlen_q=2048,seqlen_k=6144,packed_ck_ms=15.0127764,staged_ck_ms=5.1363039,staged_speedup=2.9228754,max_abs=0,mean_abs=0,staged_scratch_bytes=75497472
14	cand	seqlen_q=2048,seqlen_k=8192,packed_ck_ms=20.814455,staged_ck_ms=7.66833401,staged_speedup=2.71433854,max_abs=0,mean_abs=0,staged_scratch_bytes=83886080
14	base	seqlen_q=2048,seqlen_k=2048,packed_ck_ms=3.46970296,staged_ck_ms=1.41012204,staged_speedup=2.46056938,max_abs=6.10351562e-05,mean_abs=5.01400014e-07,staged_scratch_bytes=58720256
14	base	seqlen_q=2048,seqlen_k=4096,packed_ck_ms=9.45226574,staged_ck_ms=3.45721602,staged_speedup=2.73406863,max_abs=1.90734863e-06,mean_abs=9.28949362e-08,staged_scratch_bytes=67108864
14	base	seqlen_q=2048,seqlen_k=6144,packed_ck_ms=15.0366583,staged_ck_ms=5.4900732,staged_speedup=2.73888111,max_abs=9.53674316e-07,mean_abs=5.43407547e-08,staged_scratch_bytes=75497472
14	base	seqlen_q=2048,seqlen_k=8192,packed_ck_ms=20.9632645,staged_ck_ms=8.00822258,staged_speedup=2.6177175,max_abs=4.76837158e-07,mean_abs=3.8546015e-08,staged_scratch_bytes=83886080
15	base	seqlen_q=2048,seqlen_k=2048,packed_ck_ms=3.46938109,staged_ck_ms=1.42396104,staged_speedup=2.43642974,max_abs=6.10351562e-05,mean_abs=5.01400014e-07,staged_scratch_bytes=58720256
15	base	seqlen_q=2048,seqlen_k=4096,packed_ck_ms=9.51158714,staged_ck_ms=3.41645503,staged_speedup=2.78405166,max_abs=1.90734863e-06,mean_abs=9.28949362e-08,staged_scratch_bytes=67108864
15	base	seqlen_q=2048,seqlen_k=6144,packed_ck_ms=15.0615797,staged_ck_ms=5.45731211,staged_speedup=2.75988984,max_abs=9.53674316e-07,mean_abs=5.43407547e-08,staged_scratch_bytes=75497472
15	base	seqlen_q=2048,seqlen_k=8192,packed_ck_ms=20.7575016,staged_ck_ms=7.92194176,staged_speedup=2.62025428,max_abs=4.76837158e-07,mean_abs=3.8546015e-08,staged_scratch_bytes=83886080
15	cand	seqlen_q=2048,seqlen_k=2048,packed_ck_ms=3.48377109,staged_ck_ms=1.35143495,staged_speedup=2.57783103,max_abs=0,mean_abs=0,staged_scratch_bytes=58720256
15	cand	seqlen_q=2048,seqlen_k=4096,packed_ck_ms=9.65999031,staged_ck_ms=3.17880893,staged_speedup=3.03887105,max_abs=0,mean_abs=0,staged_scratch_bytes=67108864
15	cand	seqlen_q=2048,seqlen_k=6144,packed_ck_ms=14.9862156,staged_ck_ms=5.02886009,staged_speedup=2.98004222,max_abs=0,mean_abs=0,staged_scratch_bytes=75497472
15	cand	seqlen_q=2048,seqlen_k=8192,packed_ck_ms=20.9143867,staged_ck_ms=7.56265211,staged_speedup=2.76548314,max_abs=0,mean_abs=0,staged_scratch_bytes=83886080
