pair,label,seqlen_q,seqlen_k,packed_ck_ms,staged_ck_ms,staged_speedup,max_abs,mean_abs,staged_scratch_bytes
0,baseline,2048,2048,3.40331006,1.37416494,2.47663879,6.10351562e-05,5.01400014e-07,58720256
0,baseline,2048,4096,9.31076622,3.27866006,2.83980846,1.90734863e-06,9.28949362e-08,67108864
0,baseline,2048,6144,14.8742962,5.41944599,2.74461555,9.53674316e-07,5.43407547e-08,75497472
0,baseline,2048,8192,20.771595,7.86619997,2.64061356,4.76837158e-07,3.8546015e-08,83886080
0,candidate,2048,2048,3.42814708,1.28455997,2.66873264,0,0,58720256
0,candidate,2048,4096,9.52325344,2.85652804,3.33385611,0,0,67108864
0,candidate,2048,6144,14.8386564,4.74710512,3.1258328,0,0,75497472
0,candidate,2048,8192,20.6507092,7.14425898,2.89053202,0,0,83886080
1,candidate,2048,2048,3.45211005,1.27608001,2.70524573,0,0,58720256
1,candidate,2048,4096,9.47688961,2.92420888,3.24083877,0,0,67108864
1,candidate,2048,6144,14.8687344,4.59510088,3.23577976,0,0,75497472
1,candidate,2048,8192,20.8076344,7.1877389,2.8948791,0,0,83886080
1,baseline,2048,2048,3.43374801,1.38608503,2.47729969,6.10351562e-05,5.01400014e-07,58720256
1,baseline,2048,4096,9.32924652,3.281461,2.84301615,1.90734863e-06,9.28949362e-08,67108864
1,baseline,2048,6144,14.7895708,5.4361248,2.72060919,9.53674316e-07,5.43407547e-08,75497472
1,baseline,2048,8192,20.7046318,7.76187611,2.66747785,4.76837158e-07,3.8546015e-08,83886080
2,baseline,2048,2048,3.42486596,1.40548503,2.4367857,6.10351562e-05,5.01400014e-07,58720256
2,baseline,2048,4096,9.3568449,3.36706209,2.77893448,1.90734863e-06,9.28949362e-08,67108864
2,baseline,2048,6144,14.8448515,5.50316811,2.69751,9.53674316e-07,5.43407547e-08,75497472
2,baseline,2048,8192,20.6931477,7.86711788,2.6303339,4.76837158e-07,3.8546015e-08,83886080
2,candidate,2048,2048,3.46482611,1.27743995,2.71232009,0,0,58720256
2,candidate,2048,4096,9.49005032,2.90756989,3.26391125,0,0,67108864
2,candidate,2048,6144,14.9293728,4.6909008,3.18262386,0,0,75497472
2,candidate,2048,8192,20.9813137,7.08621407,2.96086359,0,0,83886080
3,candidate,2048,2048,3.46062589,1.29103994,2.68049479,0,0,58720256
3,candidate,2048,4096,9.64601326,2.92184901,3.30133867,0,0,67108864
3,candidate,2048,6144,14.9792118,4.77786493,3.13512659,0,0,75497472
3,candidate,2048,8192,20.6809845,7.13221502,2.89965796,0,0,83886080
3,baseline,2048,2048,3.434062,1.38956404,2.47132325,6.10351562e-05,5.01400014e-07,58720256
3,baseline,2048,4096,9.42072773,3.3619411,2.80216908,1.90734863e-06,9.28949362e-08,67108864
3,baseline,2048,6144,14.7408476,5.45012379,2.70468116,9.53674316e-07,5.43407547e-08,75497472
3,baseline,2048,8192,20.6966248,7.85747719,2.63400388,4.76837158e-07,3.8546015e-08,83886080
4,baseline,2048,2048,3.4214251,1.40516102,2.43489885,6.10351562e-05,5.01400014e-07,58720256
4,baseline,2048,4096,9.48716354,3.3331399,2.84631419,1.90734863e-06,9.28949362e-08,67108864
4,baseline,2048,6144,14.847887,5.56796694,2.66666222,9.53674316e-07,5.43407547e-08,75497472
4,baseline,2048,8192,20.714941,7.75443316,2.67136765,4.76837158e-07,3.8546015e-08,83886080
4,candidate,2048,2048,3.45254803,1.28356004,2.68982196,0,0,58720256
4,candidate,2048,4096,9.66725159,2.90480804,3.32801747,0,0,67108864
4,candidate,2048,6144,15.065134,4.6906209,3.21175694,0,0,75497472
4,candidate,2048,8192,20.858345,6.94032812,3.00538301,0,0,83886080
5,candidate,2048,2048,3.45547295,1.27664101,2.70669127,0,0,58720256
5,candidate,2048,4096,9.5111227,2.96192908,3.21112442,0,0,67108864
5,candidate,2048,6144,15.0174494,4.80866385,3.12299848,0,0,75497472
5,candidate,2048,8192,21.0435905,7.19173717,2.92607903,0,0,83886080
5,baseline,2048,2048,3.44602299,1.40380204,2.45477843,6.10351562e-05,5.01400014e-07,58720256
5,baseline,2048,4096,9.42084122,3.385221,2.78293252,1.90734863e-06,9.28949362e-08,67108864
5,baseline,2048,6144,14.8783655,5.51096487,2.69977498,9.53674316e-07,5.43407547e-08,75497472
5,baseline,2048,8192,20.6995392,7.87155581,2.62966299,4.76837158e-07,3.8546015e-08,83886080
6,baseline,2048,2048,3.42699003,1.40668201,2.43622231,6.10351562e-05,5.01400014e-07,58720256
6,baseline,2048,4096,9.41140366,3.40098095,2.76726151,1.90734863e-06,9.28949362e-08,67108864
6,baseline,2048,6144,14.8504057,5.41760206,2.74113989,9.53674316e-07,5.43407547e-08,75497472
6,baseline,2048,8192,20.6969776,8.1108017,2.55177951,4.76837158e-07,3.8546015e-08,83886080
6,candidate,2048,2048,3.46678996,1.28872097,2.69010139,0,0,58720256
6,candidate,2048,4096,9.63013268,2.94268894,3.27256227,0,0,67108864
6,candidate,2048,6144,14.9846077,4.73526287,3.1644721,0,0,75497472
6,candidate,2048,8192,20.86446,7.21037483,2.89367199,0,0,83886080
7,candidate,2048,2048,3.46310902,1.26935899,2.72823453,0,0,58720256
7,candidate,2048,4096,9.57944679,2.97884893,3.2158215,0,0,67108864
7,candidate,2048,6144,14.9376869,4.70417976,3.17540741,0,0,75497472
7,candidate,2048,8192,20.9782238,7.12697315,2.94349694,0,0,83886080
7,baseline,2048,2048,3.4494729,1.40524602,2.45471096,6.10351562e-05,5.01400014e-07,58720256
7,baseline,2048,4096,9.30416107,3.42538309,2.71623945,1.90734863e-06,9.28949362e-08,67108864
7,baseline,2048,6144,14.9010468,5.46024179,2.72900867,9.53674316e-07,5.43407547e-08,75497472
7,baseline,2048,8192,20.6734924,7.943717,2.60249615,4.76837158e-07,3.8546015e-08,83886080
8,baseline,2048,2048,3.44862103,1.38727999,2.48588681,6.10351562e-05,5.01400014e-07,58720256
8,baseline,2048,4096,9.52064228,3.36118007,2.83252978,1.90734863e-06,9.28949362e-08,67108864
8,baseline,2048,6144,15.0008469,5.46484184,2.74497366,9.53674316e-07,5.43407547e-08,75497472
8,baseline,2048,8192,20.7540131,7.89947414,2.62726521,4.76837158e-07,3.8546015e-08,83886080
8,candidate,2048,2048,3.48150492,1.28311896,2.71331429,0,0,58720256
8,candidate,2048,4096,9.62188435,2.93740702,3.27563882,0,0,67108864
8,candidate,2048,6144,15.0266447,4.75142002,3.16255879,0,0,75497472
8,candidate,2048,8192,20.8519745,7.31993675,2.84865499,0,0,83886080
9,candidate,2048,2048,3.46774602,1.27923894,2.71078825,0,0,58720256
9,candidate,2048,4096,9.70956898,2.93656707,3.30643535,0,0,67108864
9,candidate,2048,6144,15.0239677,4.73309994,3.17423415,0,0,75497472
9,candidate,2048,8192,20.8286915,7.02252722,2.9659822,0,0,83886080
9,baseline,2048,2048,3.46206689,1.40920401,2.45675349,6.10351562e-05,5.01400014e-07,58720256
9,baseline,2048,4096,9.48916245,3.37542009,2.81125379,1.90734863e-06,9.28949362e-08,67108864
9,baseline,2048,6144,14.8804789,5.41747999,2.74675298,9.53674316e-07,5.43407547e-08,75497472
9,baseline,2048,8192,20.8222923,7.93623304,2.62369967,4.76837158e-07,3.8546015e-08,83886080
