"Correlation_Id","Dispatch_Id","Agent_Id","Queue_Id","Process_Id","Thread_Id","Grid_Size","Kernel_Id","Kernel_Name","Workgroup_Size","LDS_Block_Size","Scratch_Size","VGPR_Count","Accum_VGPR_Count","SGPR_Count","Counter_Name","Counter_Value","Start_Timestamp","End_Timestamp"
11779,11779,"Agent 2",1,922532,922532,327680,37,"gemm_hfq4g256_mmq_x256y64_group128_quad_row_u32x2_full_set",256,0,20,256,0,128,"SQ_INSTS_VALU",0.00000000e+00,96452768071838,96452770265482
11780,11780,"Agent 2",1,922532,922532,196608,37,"gemm_hfq4g256_mmq_x256y64_group128_quad_row_u32x2_full_set",256,0,20,256,0,128,"SQ_INSTS_VALU",0.00000000e+00,96452770323122,96452771840206
11790,11790,"Agent 2",1,922532,922532,163840,35,"gemm_hfq4g256_mmq_x256y64_group128_quad_row_u32x2_full_add",256,0,20,256,0,128,"SQ_INSTS_VALU",0.00000000e+00,96452776261535,96452778089819
11793,11793,"Agent 2",1,922532,922532,557056,37,"gemm_hfq4g256_mmq_x256y64_group128_quad_row_u32x2_full_set",256,0,20,256,0,128,"SQ_INSTS_VALU",0.00000000e+00,96452778339059,96452782939909
11794,11794,"Agent 2",1,922532,922532,557056,37,"gemm_hfq4g256_mmq_x256y64_group128_quad_row_u32x2_full_set",256,0,20,256,0,128,"SQ_INSTS_VALU",0.00000000e+00,96452782991949,96452787472799
11797,11797,"Agent 2",1,922532,922532,163840,35,"gemm_hfq4g256_mmq_x256y64_group128_quad_row_u32x2_full_add",256,0,20,256,0,128,"SQ_INSTS_VALU",0.00000000e+00,96452788596681,96452793492372
11800,11800,"Agent 2",1,922532,922532,327680,37,"gemm_hfq4g256_mmq_x256y64_group128_quad_row_u32x2_full_set",256,0,20,256,0,128,"SQ_INSTS_VALU",0.00000000e+00,96452793793452,96452796468658
11801,11801,"Agent 2",1,922532,922532,196608,37,"gemm_hfq4g256_mmq_x256y64_group128_quad_row_u32x2_full_set",256,0,20,256,0,128,"SQ_INSTS_VALU",0.00000000e+00,96452796520258,96452798083701
11811,11811,"Agent 2",1,922532,922532,163840,35,"gemm_hfq4g256_mmq_x256y64_group128_quad_row_u32x2_full_add",256,0,20,256,0,128,"SQ_INSTS_VALU",0.00000000e+00,96452802296190,96452804023354
11814,11814,"Agent 2",1,922532,922532,557056,37,"gemm_hfq4g256_mmq_x256y64_group128_quad_row_u32x2_full_set",256,0,20,256,0,128,"SQ_INSTS_VALU",0.00000000e+00,96452804266875,96452808886244
11815,11815,"Agent 2",1,922532,922532,557056,37,"gemm_hfq4g256_mmq_x256y64_group128_quad_row_u32x2_full_set",256,0,20,256,0,128,"SQ_INSTS_VALU",0.00000000e+00,96452808938364,96452813606574
11818,11818,"Agent 2",1,922532,922532,163840,35,"gemm_hfq4g256_mmq_x256y64_group128_quad_row_u32x2_full_add",256,0,20,256,0,128,"SQ_INSTS_VALU",0.00000000e+00,96452814744297,96452819583587
11821,11821,"Agent 2",1,922532,922532,327680,37,"gemm_hfq4g256_mmq_x256y64_group128_quad_row_u32x2_full_set",256,0,20,256,0,128,"SQ_INSTS_VALU",0.00000000e+00,96452819904068,96452822643114
11822,11822,"Agent 2",1,922532,922532,196608,37,"gemm_hfq4g256_mmq_x256y64_group128_quad_row_u32x2_full_set",256,0,20,256,0,128,"SQ_INSTS_VALU",0.00000000e+00,96452822705994,96452824333557
11832,11832,"Agent 2",1,922532,922532,163840,35,"gemm_hfq4g256_mmq_x256y64_group128_quad_row_u32x2_full_add",256,0,20,256,0,128,"SQ_INSTS_VALU",0.00000000e+00,96452828630453,96452830364136
11835,11835,"Agent 2",1,922532,922532,557056,37,"gemm_hfq4g256_mmq_x256y64_group128_quad_row_u32x2_full_set",256,0,20,256,0,128,"SQ_INSTS_VALU",0.00000000e+00,96452830625777,96452835255346
11836,11836,"Agent 2",1,922532,922532,557056,37,"gemm_hfq4g256_mmq_x256y64_group128_quad_row_u32x2_full_set",256,0,20,256,0,128,"SQ_INSTS_VALU",0.00000000e+00,96452835314866,96452839952835
11839,11839,"Agent 2",1,922532,922532,163840,35,"gemm_hfq4g256_mmq_x256y64_group128_quad_row_u32x2_full_add",256,0,20,256,0,128,"SQ_INSTS_VALU",0.00000000e+00,96452841133318,96452845957767
11842,11842,"Agent 2",1,922532,922532,393216,37,"gemm_hfq4g256_mmq_x256y64_group128_quad_row_u32x2_full_set",256,0,20,256,0,128,"SQ_INSTS_VALU",0.00000000e+00,96452846283408,96452849511054
11857,11857,"Agent 2",1,922532,922532,163840,35,"gemm_hfq4g256_mmq_x256y64_group128_quad_row_u32x2_full_add",256,0,20,256,0,128,"SQ_INSTS_VALU",0.00000000e+00,96452855399266,96452857071230
11860,11860,"Agent 2",1,922532,922532,557056,37,"gemm_hfq4g256_mmq_x256y64_group128_quad_row_u32x2_full_set",256,0,20,256,0,128,"SQ_INSTS_VALU",0.00000000e+00,96452857325110,96452861691239
11861,11861,"Agent 2",1,922532,922532,557056,37,"gemm_hfq4g256_mmq_x256y64_group128_quad_row_u32x2_full_set",256,0,20,256,0,128,"SQ_INSTS_VALU",0.00000000e+00,96452861750039,96452866259088
11864,11864,"Agent 2",1,922532,922532,163840,35,"gemm_hfq4g256_mmq_x256y64_group128_quad_row_u32x2_full_add",256,0,20,256,0,128,"SQ_INSTS_VALU",0.00000000e+00,96452867427210,96452872140900
11867,11867,"Agent 2",1,922532,922532,327680,37,"gemm_hfq4g256_mmq_x256y64_group128_quad_row_u32x2_full_set",256,0,20,256,0,128,"SQ_INSTS_VALU",0.00000000e+00,96452872453380,96452875108506
11868,11868,"Agent 2",1,922532,922532,196608,37,"gemm_hfq4g256_mmq_x256y64_group128_quad_row_u32x2_full_set",256,0,20,256,0,128,"SQ_INSTS_VALU",0.00000000e+00,96452875170266,96452876748869
11878,11878,"Agent 2",1,922532,922532,163840,35,"gemm_hfq4g256_mmq_x256y64_group128_quad_row_u32x2_full_add",256,0,20,256,0,128,"SQ_INSTS_VALU",0.00000000e+00,96452880959997,96452882672321
11881,11881,"Agent 2",1,922532,922532,557056,37,"gemm_hfq4g256_mmq_x256y64_group128_quad_row_u32x2_full_set",256,0,20,256,0,128,"SQ_INSTS_VALU",0.00000000e+00,96452882923721,96452887493010
11882,11882,"Agent 2",1,922532,922532,557056,37,"gemm_hfq4g256_mmq_x256y64_group128_quad_row_u32x2_full_set",256,0,20,256,0,128,"SQ_INSTS_VALU",0.00000000e+00,96452887553114,96452892146203
11885,11885,"Agent 2",1,922532,922532,163840,35,"gemm_hfq4g256_mmq_x256y64_group128_quad_row_u32x2_full_add",256,0,20,256,0,128,"SQ_INSTS_VALU",0.00000000e+00,96452893299965,96452898020894
11888,11888,"Agent 2",1,922532,922532,327680,37,"gemm_hfq4g256_mmq_x256y64_group128_quad_row_u32x2_full_set",256,0,20,256,0,128,"SQ_INSTS_VALU",0.00000000e+00,96452898328215,96452900993140
11889,11889,"Agent 2",1,922532,922532,196608,37,"gemm_hfq4g256_mmq_x256y64_group128_quad_row_u32x2_full_set",256,0,20,256,0,128,"SQ_INSTS_VALU",0.00000000e+00,96452901057940,96452902644583
11899,11899,"Agent 2",1,922532,922532,163840,35,"gemm_hfq4g256_mmq_x256y64_group128_quad_row_u32x2_full_add",256,0,20,256,0,128,"SQ_INSTS_VALU",0.00000000e+00,96452906850192,96452908574515
11902,11902,"Agent 2",1,922532,922532,557056,37,"gemm_hfq4g256_mmq_x256y64_group128_quad_row_u32x2_full_set",256,0,20,256,0,128,"SQ_INSTS_VALU",0.00000000e+00,96452908824876,96452913390325
11903,11903,"Agent 2",1,922532,922532,557056,37,"gemm_hfq4g256_mmq_x256y64_group128_quad_row_u32x2_full_set",256,0,20,256,0,128,"SQ_INSTS_VALU",0.00000000e+00,96452913451845,96452917900254
11906,11906,"Agent 2",1,922532,922532,163840,35,"gemm_hfq4g256_mmq_x256y64_group128_quad_row_u32x2_full_add",256,0,20,256,0,128,"SQ_INSTS_VALU",0.00000000e+00,96452919047616,96452923642585
11909,11909,"Agent 2",1,922532,922532,327680,37,"gemm_hfq4g256_mmq_x256y64_group128_quad_row_u32x2_full_set",256,0,20,256,0,128,"SQ_INSTS_VALU",0.00000000e+00,96452923948826,96452926578831
11910,11910,"Agent 2",1,922532,922532,196608,37,"gemm_hfq4g256_mmq_x256y64_group128_quad_row_u32x2_full_set",256,0,20,256,0,128,"SQ_INSTS_VALU",0.00000000e+00,96452926637791,96452928189875
11920,11920,"Agent 2",1,922532,922532,163840,35,"gemm_hfq4g256_mmq_x256y64_group128_quad_row_u32x2_full_add",256,0,20,256,0,128,"SQ_INSTS_VALU",0.00000000e+00,96452932354483,96452934042806
11923,11923,"Agent 2",1,922532,922532,557056,37,"gemm_hfq4g256_mmq_x256y64_group128_quad_row_u32x2_full_set",256,0,20,256,0,128,"SQ_INSTS_VALU",0.00000000e+00,96452934295807,96452938764736
11924,11924,"Agent 2",1,922532,922532,557056,37,"gemm_hfq4g256_mmq_x256y64_group128_quad_row_u32x2_full_set",256,0,20,256,0,128,"SQ_INSTS_VALU",0.00000000e+00,96452938821496,96452943255185
11927,11927,"Agent 2",1,922532,922532,163840,35,"gemm_hfq4g256_mmq_x256y64_group128_quad_row_u32x2_full_add",256,0,20,256,0,128,"SQ_INSTS_VALU",0.00000000e+00,96452944415267,96452948951596
11930,11930,"Agent 2",1,922532,922532,393216,37,"gemm_hfq4g256_mmq_x256y64_group128_quad_row_u32x2_full_set",256,0,20,256,0,128,"SQ_INSTS_VALU",0.00000000e+00,96452949265637,96452952326083
11945,11945,"Agent 2",1,922532,922532,163840,35,"gemm_hfq4g256_mmq_x256y64_group128_quad_row_u32x2_full_add",256,0,20,256,0,128,"SQ_INSTS_VALU",0.00000000e+00,96452957834827,96452959450911
11948,11948,"Agent 2",1,922532,922532,557056,37,"gemm_hfq4g256_mmq_x256y64_group128_quad_row_u32x2_full_set",256,0,20,256,0,128,"SQ_INSTS_VALU",0.00000000e+00,96452959698031,96452964082640
11949,11949,"Agent 2",1,922532,922532,557056,37,"gemm_hfq4g256_mmq_x256y64_group128_quad_row_u32x2_full_set",256,0,20,256,0,128,"SQ_INSTS_VALU",0.00000000e+00,96452964141960,96452968620529
11952,11952,"Agent 2",1,922532,922532,163840,35,"gemm_hfq4g256_mmq_x256y64_group128_quad_row_u32x2_full_add",256,0,20,256,0,128,"SQ_INSTS_VALU",0.00000000e+00,96452969778891,96452974488381
11955,11955,"Agent 2",1,922532,922532,327680,37,"gemm_hfq4g256_mmq_x256y64_group128_quad_row_u32x2_full_set",256,0,20,256,0,128,"SQ_INSTS_VALU",0.00000000e+00,96452974798061,96452977513227
11956,11956,"Agent 2",1,922532,922532,196608,37,"gemm_hfq4g256_mmq_x256y64_group128_quad_row_u32x2_full_set",256,0,20,256,0,128,"SQ_INSTS_VALU",0.00000000e+00,96452977574227,96452979199070
11966,11966,"Agent 2",1,922532,922532,163840,35,"gemm_hfq4g256_mmq_x256y64_group128_quad_row_u32x2_full_add",256,0,20,256,0,128,"SQ_INSTS_VALU",0.00000000e+00,96452983475599,96452985232122
11969,11969,"Agent 2",1,922532,922532,557056,37,"gemm_hfq4g256_mmq_x256y64_group128_quad_row_u32x2_full_set",256,0,20,256,0,128,"SQ_INSTS_VALU",0.00000000e+00,96452985492843,96452990355932
11970,11970,"Agent 2",1,922532,922532,557056,37,"gemm_hfq4g256_mmq_x256y64_group128_quad_row_u32x2_full_set",256,0,20,256,0,128,"SQ_INSTS_VALU",0.00000000e+00,96452990419653,96452995299222
11973,11973,"Agent 2",1,922532,922532,163840,35,"gemm_hfq4g256_mmq_x256y64_group128_quad_row_u32x2_full_add",256,0,20,256,0,128,"SQ_INSTS_VALU",0.00000000e+00,96452996454825,96453001422715
11976,11976,"Agent 2",1,922532,922532,327680,37,"gemm_hfq4g256_mmq_x256y64_group128_quad_row_u32x2_full_set",256,0,20,256,0,128,"SQ_INSTS_VALU",0.00000000e+00,96453001745515,96453004566361
11977,11977,"Agent 2",1,922532,922532,196608,37,"gemm_hfq4g256_mmq_x256y64_group128_quad_row_u32x2_full_set",256,0,20,256,0,128,"SQ_INSTS_VALU",0.00000000e+00,96453004632041,96453006311884
11987,11987,"Agent 2",1,922532,922532,163840,35,"gemm_hfq4g256_mmq_x256y64_group128_quad_row_u32x2_full_add",256,0,20,256,0,128,"SQ_INSTS_VALU",0.00000000e+00,96453010652333,96453012438057
11990,11990,"Agent 2",1,922532,922532,557056,37,"gemm_hfq4g256_mmq_x256y64_group128_quad_row_u32x2_full_set",256,0,20,256,0,128,"SQ_INSTS_VALU",0.00000000e+00,96453012695497,96453017524627
11991,11991,"Agent 2",1,922532,922532,557056,37,"gemm_hfq4g256_mmq_x256y64_group128_quad_row_u32x2_full_set",256,0,20,256,0,128,"SQ_INSTS_VALU",0.00000000e+00,96453017587349,96453022428438
11994,11994,"Agent 2",1,922532,922532,163840,35,"gemm_hfq4g256_mmq_x256y64_group128_quad_row_u32x2_full_add",256,0,20,256,0,128,"SQ_INSTS_VALU",0.00000000e+00,96453023585840,96453028574890
11997,11997,"Agent 2",1,922532,922532,327680,37,"gemm_hfq4g256_mmq_x256y64_group128_quad_row_u32x2_full_set",256,0,20,256,0,128,"SQ_INSTS_VALU",0.00000000e+00,96453028888890,96453031740736
11998,11998,"Agent 2",1,922532,922532,196608,37,"gemm_hfq4g256_mmq_x256y64_group128_quad_row_u32x2_full_set",256,0,20,256,0,128,"SQ_INSTS_VALU",0.00000000e+00,96453031802296,96453033498780
12008,12008,"Agent 2",1,922532,922532,163840,35,"gemm_hfq4g256_mmq_x256y64_group128_quad_row_u32x2_full_add",256,0,20,256,0,128,"SQ_INSTS_VALU",0.00000000e+00,96453037860668,96453039665232
12011,12011,"Agent 2",1,922532,922532,557056,37,"gemm_hfq4g256_mmq_x256y64_group128_quad_row_u32x2_full_set",256,0,20,256,0,128,"SQ_INSTS_VALU",0.00000000e+00,96453039929712,96453044875042
12012,12012,"Agent 2",1,922532,922532,557056,37,"gemm_hfq4g256_mmq_x256y64_group128_quad_row_u32x2_full_set",256,0,20,256,0,128,"SQ_INSTS_VALU",0.00000000e+00,96453044937642,96453049865012
12015,12015,"Agent 2",1,922532,922532,163840,35,"gemm_hfq4g256_mmq_x256y64_group128_quad_row_u32x2_full_add",256,0,20,256,0,128,"SQ_INSTS_VALU",0.00000000e+00,96453051046335,96453056037345
12018,12018,"Agent 2",1,922532,922532,393216,37,"gemm_hfq4g256_mmq_x256y64_group128_quad_row_u32x2_full_set",256,0,20,256,0,128,"SQ_INSTS_VALU",0.00000000e+00,96453056355905,96453059701752
12033,12033,"Agent 2",1,922532,922532,163840,35,"gemm_hfq4g256_mmq_x256y64_group128_quad_row_u32x2_full_add",256,0,20,256,0,128,"SQ_INSTS_VALU",0.00000000e+00,96453065409723,96453067120647
12036,12036,"Agent 2",1,922532,922532,557056,37,"gemm_hfq4g256_mmq_x256y64_group128_quad_row_u32x2_full_set",256,0,20,256,0,128,"SQ_INSTS_VALU",0.00000000e+00,96453067377207,96453072015297
12037,12037,"Agent 2",1,922532,922532,557056,37,"gemm_hfq4g256_mmq_x256y64_group128_quad_row_u32x2_full_set",256,0,20,256,0,128,"SQ_INSTS_VALU",0.00000000e+00,96453072076017,96453076750106
12040,12040,"Agent 2",1,922532,922532,163840,35,"gemm_hfq4g256_mmq_x256y64_group128_quad_row_u32x2_full_add",256,0,20,256,0,128,"SQ_INSTS_VALU",0.00000000e+00,96453077902269,96453082731678
12043,12043,"Agent 2",1,922532,922532,327680,37,"gemm_hfq4g256_mmq_x256y64_group128_quad_row_u32x2_full_set",256,0,20,256,0,128,"SQ_INSTS_VALU",0.00000000e+00,96453083046631,96453085814996
12044,12044,"Agent 2",1,922532,922532,196608,37,"gemm_hfq4g256_mmq_x256y64_group128_quad_row_u32x2_full_set",256,0,20,256,0,128,"SQ_INSTS_VALU",0.00000000e+00,96453085881476,96453087532479
12054,12054,"Agent 2",1,922532,922532,163840,35,"gemm_hfq4g256_mmq_x256y64_group128_quad_row_u32x2_full_add",256,0,20,256,0,128,"SQ_INSTS_VALU",0.00000000e+00,96453091831807,96453093594971
12057,12057,"Agent 2",1,922532,922532,557056,37,"gemm_hfq4g256_mmq_x256y64_group128_quad_row_u32x2_full_set",256,0,20,256,0,128,"SQ_INSTS_VALU",0.00000000e+00,96453093851732,96453098705021
12058,12058,"Agent 2",1,922532,922532,557056,37,"gemm_hfq4g256_mmq_x256y64_group128_quad_row_u32x2_full_set",256,0,20,256,0,128,"SQ_INSTS_VALU",0.00000000e+00,96453098766981,96453103623431
12061,12061,"Agent 2",1,922532,922532,163840,35,"gemm_hfq4g256_mmq_x256y64_group128_quad_row_u32x2_full_add",256,0,20,256,0,128,"SQ_INSTS_VALU",0.00000000e+00,96453104789433,96453109737163
12064,12064,"Agent 2",1,922532,922532,327680,37,"gemm_hfq4g256_mmq_x256y64_group128_quad_row_u32x2_full_set",256,0,20,256,0,128,"SQ_INSTS_VALU",0.00000000e+00,96453110046524,96453112851810
12065,12065,"Agent 2",1,922532,922532,196608,37,"gemm_hfq4g256_mmq_x256y64_group128_quad_row_u32x2_full_set",256,0,20,256,0,128,"SQ_INSTS_VALU",0.00000000e+00,96453112911170,96453114580573
12075,12075,"Agent 2",1,922532,922532,163840,35,"gemm_hfq4g256_mmq_x256y64_group128_quad_row_u32x2_full_add",256,0,20,256,0,128,"SQ_INSTS_VALU",0.00000000e+00,96453118893662,96453120656025
12078,12078,"Agent 2",1,922532,922532,557056,37,"gemm_hfq4g256_mmq_x256y64_group128_quad_row_u32x2_full_set",256,0,20,256,0,128,"SQ_INSTS_VALU",0.00000000e+00,96453120914506,96453125681195
12079,12079,"Agent 2",1,922532,922532,557056,37,"gemm_hfq4g256_mmq_x256y64_group128_quad_row_u32x2_full_set",256,0,20,256,0,128,"SQ_INSTS_VALU",0.00000000e+00,96453125742435,96453130512925
12082,12082,"Agent 2",1,922532,922532,163840,35,"gemm_hfq4g256_mmq_x256y64_group128_quad_row_u32x2_full_add",256,0,20,256,0,128,"SQ_INSTS_VALU",0.00000000e+00,96453131662927,96453136554937
12085,12085,"Agent 2",1,922532,922532,327680,37,"gemm_hfq4g256_mmq_x256y64_group128_quad_row_u32x2_full_set",256,0,20,256,0,128,"SQ_INSTS_VALU",0.00000000e+00,96453136861458,96453139651143
12086,12086,"Agent 2",1,922532,922532,196608,37,"gemm_hfq4g256_mmq_x256y64_group128_quad_row_u32x2_full_set",256,0,20,256,0,128,"SQ_INSTS_VALU",0.00000000e+00,96453139711263,96453141372467
12096,12096,"Agent 2",1,922532,922532,163840,35,"gemm_hfq4g256_mmq_x256y64_group128_quad_row_u32x2_full_add",256,0,20,256,0,128,"SQ_INSTS_VALU",0.00000000e+00,96453145666755,96453147435759
12099,12099,"Agent 2",1,922532,922532,557056,37,"gemm_hfq4g256_mmq_x256y64_group128_quad_row_u32x2_full_set",256,0,20,256,0,128,"SQ_INSTS_VALU",0.00000000e+00,96453147693029,96453152576958
12100,12100,"Agent 2",1,922532,922532,557056,37,"gemm_hfq4g256_mmq_x256y64_group128_quad_row_u32x2_full_set",256,0,20,256,0,128,"SQ_INSTS_VALU",0.00000000e+00,96453152642598,96453157509647
12103,12103,"Agent 2",1,922532,922532,163840,35,"gemm_hfq4g256_mmq_x256y64_group128_quad_row_u32x2_full_add",256,0,20,256,0,128,"SQ_INSTS_VALU",0.00000000e+00,96453158671650,96453163626700
12106,12106,"Agent 2",1,922532,922532,393216,37,"gemm_hfq4g256_mmq_x256y64_group128_quad_row_u32x2_full_set",256,0,20,256,0,128,"SQ_INSTS_VALU",0.00000000e+00,96453163936780,96453167257547
12121,12121,"Agent 2",1,922532,922532,163840,35,"gemm_hfq4g256_mmq_x256y64_group128_quad_row_u32x2_full_add",256,0,20,256,0,128,"SQ_INSTS_VALU",0.00000000e+00,96453172984318,96453174684282
12124,12124,"Agent 2",1,922532,922532,557056,37,"gemm_hfq4g256_mmq_x256y64_group128_quad_row_u32x2_full_set",256,0,20,256,0,128,"SQ_INSTS_VALU",0.00000000e+00,96453174941562,96453179580132
12125,12125,"Agent 2",1,922532,922532,557056,37,"gemm_hfq4g256_mmq_x256y64_group128_quad_row_u32x2_full_set",256,0,20,256,0,128,"SQ_INSTS_VALU",0.00000000e+00,96453179641172,96453184303101
12128,12128,"Agent 2",1,922532,922532,163840,35,"gemm_hfq4g256_mmq_x256y64_group128_quad_row_u32x2_full_add",256,0,20,256,0,128,"SQ_INSTS_VALU",0.00000000e+00,96453185454663,96453190265953
12131,12131,"Agent 2",1,922532,922532,327680,37,"gemm_hfq4g256_mmq_x256y64_group128_quad_row_u32x2_full_set",256,0,20,256,0,128,"SQ_INSTS_VALU",0.00000000e+00,96453190576194,96453193332079
12132,12132,"Agent 2",1,922532,922532,196608,37,"gemm_hfq4g256_mmq_x256y64_group128_quad_row_u32x2_full_set",256,0,20,256,0,128,"SQ_INSTS_VALU",0.00000000e+00,96453193392639,96453195034963
12142,12142,"Agent 2",1,922532,922532,163840,35,"gemm_hfq4g256_mmq_x256y64_group128_quad_row_u32x2_full_add",256,0,20,256,0,128,"SQ_INSTS_VALU",0.00000000e+00,96453199294091,96453201041735
12145,12145,"Agent 2",1,922532,922532,557056,37,"gemm_hfq4g256_mmq_x256y64_group128_quad_row_u32x2_full_set",256,0,20,256,0,128,"SQ_INSTS_VALU",0.00000000e+00,96453201292015,96453206060225
12146,12146,"Agent 2",1,922532,922532,557056,37,"gemm_hfq4g256_mmq_x256y64_group128_quad_row_u32x2_full_set",256,0,20,256,0,128,"SQ_INSTS_VALU",0.00000000e+00,96453206122305,96453210909034
12149,12149,"Agent 2",1,922532,922532,163840,35,"gemm_hfq4g256_mmq_x256y64_group128_quad_row_u32x2_full_add",256,0,20,256,0,128,"SQ_INSTS_VALU",0.00000000e+00,96453212057468,96453216966437
12152,12152,"Agent 2",1,922532,922532,327680,37,"gemm_hfq4g256_mmq_x256y64_group128_quad_row_u32x2_full_set",256,0,20,256,0,128,"SQ_INSTS_VALU",0.00000000e+00,96453217289277,96453220080003
12153,12153,"Agent 2",1,922532,922532,196608,37,"gemm_hfq4g256_mmq_x256y64_group128_quad_row_u32x2_full_set",256,0,20,256,0,128,"SQ_INSTS_VALU",0.00000000e+00,96453220142283,96453221802886
12163,12163,"Agent 2",1,922532,922532,163840,35,"gemm_hfq4g256_mmq_x256y64_group128_quad_row_u32x2_full_add",256,0,20,256,0,128,"SQ_INSTS_VALU",0.00000000e+00,96453226105095,96453227857258
12166,12166,"Agent 2",1,922532,922532,557056,37,"gemm_hfq4g256_mmq_x256y64_group128_quad_row_u32x2_full_set",256,0,20,256,0,128,"SQ_INSTS_VALU",0.00000000e+00,96453228110859,96453232851788
12167,12167,"Agent 2",1,922532,922532,557056,37,"gemm_hfq4g256_mmq_x256y64_group128_quad_row_u32x2_full_set",256,0,20,256,0,128,"SQ_INSTS_VALU",0.00000000e+00,96453232911708,96453237672638
12170,12170,"Agent 2",1,922532,922532,163840,35,"gemm_hfq4g256_mmq_x256y64_group128_quad_row_u32x2_full_add",256,0,20,256,0,128,"SQ_INSTS_VALU",0.00000000e+00,96453238835920,96453243713130
12173,12173,"Agent 2",1,922532,922532,327680,37,"gemm_hfq4g256_mmq_x256y64_group128_quad_row_u32x2_full_set",256,0,20,256,0,128,"SQ_INSTS_VALU",0.00000000e+00,96453244035051,96453246824976
12174,12174,"Agent 2",1,922532,922532,196608,37,"gemm_hfq4g256_mmq_x256y64_group128_quad_row_u32x2_full_set",256,0,20,256,0,128,"SQ_INSTS_VALU",0.00000000e+00,96453246885216,96453248554780
12184,12184,"Agent 2",1,922532,922532,163840,35,"gemm_hfq4g256_mmq_x256y64_group128_quad_row_u32x2_full_add",256,0,20,256,0,128,"SQ_INSTS_VALU",0.00000000e+00,96453252891108,96453254659552
12187,12187,"Agent 2",1,922532,922532,557056,37,"gemm_hfq4g256_mmq_x256y64_group128_quad_row_u32x2_full_set",256,0,20,256,0,128,"SQ_INSTS_VALU",0.00000000e+00,96453254913553,96453259651002
12188,12188,"Agent 2",1,922532,922532,557056,37,"gemm_hfq4g256_mmq_x256y64_group128_quad_row_u32x2_full_set",256,0,20,256,0,128,"SQ_INSTS_VALU",0.00000000e+00,96453259710402,96453264453372
12191,12191,"Agent 2",1,922532,922532,163840,35,"gemm_hfq4g256_mmq_x256y64_group128_quad_row_u32x2_full_add",256,0,20,256,0,128,"SQ_INSTS_VALU",0.00000000e+00,96453265600614,96453270474624
12194,12194,"Agent 2",1,922532,922532,393216,37,"gemm_hfq4g256_mmq_x256y64_group128_quad_row_u32x2_full_set",256,0,20,256,0,128,"SQ_INSTS_VALU",0.00000000e+00,96453270785024,96453274079431
12209,12209,"Agent 2",1,922532,922532,163840,35,"gemm_hfq4g256_mmq_x256y64_group128_quad_row_u32x2_full_add",256,0,20,256,0,128,"SQ_INSTS_VALU",0.00000000e+00,96453279798445,96453281527448
12212,12212,"Agent 2",1,922532,922532,557056,37,"gemm_hfq4g256_mmq_x256y64_group128_quad_row_u32x2_full_set",256,0,20,256,0,128,"SQ_INSTS_VALU",0.00000000e+00,96453281784929,96453286471578
12213,12213,"Agent 2",1,922532,922532,557056,37,"gemm_hfq4g256_mmq_x256y64_group128_quad_row_u32x2_full_set",256,0,20,256,0,128,"SQ_INSTS_VALU",0.00000000e+00,96453286530578,96453291254108
12216,12216,"Agent 2",1,922532,922532,163840,35,"gemm_hfq4g256_mmq_x256y64_group128_quad_row_u32x2_full_add",256,0,20,256,0,128,"SQ_INSTS_VALU",0.00000000e+00,96453292402470,96453297285440
12219,12219,"Agent 2",1,922532,922532,327680,37,"gemm_hfq4g256_mmq_x256y64_group128_quad_row_u32x2_full_set",256,0,20,256,0,128,"SQ_INSTS_VALU",0.00000000e+00,96453297597641,96453300387446
12220,12220,"Agent 2",1,922532,922532,196608,37,"gemm_hfq4g256_mmq_x256y64_group128_quad_row_u32x2_full_set",256,0,20,256,0,128,"SQ_INSTS_VALU",0.00000000e+00,96453300448246,96453302110850
12230,12230,"Agent 2",1,922532,922532,163840,35,"gemm_hfq4g256_mmq_x256y64_group128_quad_row_u32x2_full_add",256,0,20,256,0,128,"SQ_INSTS_VALU",0.00000000e+00,96453306409258,96453308178262
12233,12233,"Agent 2",1,922532,922532,557056,37,"gemm_hfq4g256_mmq_x256y64_group128_quad_row_u32x2_full_set",256,0,20,256,0,128,"SQ_INSTS_VALU",0.00000000e+00,96453308434342,96453313211712
12234,12234,"Agent 2",1,922532,922532,557056,37,"gemm_hfq4g256_mmq_x256y64_group128_quad_row_u32x2_full_set",256,0,20,256,0,128,"SQ_INSTS_VALU",0.00000000e+00,96453313270072,96453318050242
12237,12237,"Agent 2",1,922532,922532,163840,35,"gemm_hfq4g256_mmq_x256y64_group128_quad_row_u32x2_full_add",256,0,20,256,0,128,"SQ_INSTS_VALU",0.00000000e+00,96453319201284,96453324085214
12240,12240,"Agent 2",1,922532,922532,327680,37,"gemm_hfq4g256_mmq_x256y64_group128_quad_row_u32x2_full_set",256,0,20,256,0,128,"SQ_INSTS_VALU",0.00000000e+00,96453324394974,96453327177500
12241,12241,"Agent 2",1,922532,922532,196608,37,"gemm_hfq4g256_mmq_x256y64_group128_quad_row_u32x2_full_set",256,0,20,256,0,128,"SQ_INSTS_VALU",0.00000000e+00,96453327235340,96453328897543
12251,12251,"Agent 2",1,922532,922532,163840,35,"gemm_hfq4g256_mmq_x256y64_group128_quad_row_u32x2_full_add",256,0,20,256,0,128,"SQ_INSTS_VALU",0.00000000e+00,96453333203392,96453334965876
12254,12254,"Agent 2",1,922532,922532,557056,37,"gemm_hfq4g256_mmq_x256y64_group128_quad_row_u32x2_full_set",256,0,20,256,0,128,"SQ_INSTS_VALU",0.00000000e+00,96453335233556,96453340008086
12255,12255,"Agent 2",1,922532,922532,557056,37,"gemm_hfq4g256_mmq_x256y64_group128_quad_row_u32x2_full_set",256,0,20,256,0,128,"SQ_INSTS_VALU",0.00000000e+00,96453340068937,96453344853186
12258,12258,"Agent 2",1,922532,922532,163840,35,"gemm_hfq4g256_mmq_x256y64_group128_quad_row_u32x2_full_add",256,0,20,256,0,128,"SQ_INSTS_VALU",0.00000000e+00,96453346029148,96453350930398
12261,12261,"Agent 2",1,922532,922532,327680,37,"gemm_hfq4g256_mmq_x256y64_group128_quad_row_u32x2_full_set",256,0,20,256,0,128,"SQ_INSTS_VALU",0.00000000e+00,96453351244158,96453354023084
12262,12262,"Agent 2",1,922532,922532,196608,37,"gemm_hfq4g256_mmq_x256y64_group128_quad_row_u32x2_full_set",256,0,20,256,0,128,"SQ_INSTS_VALU",0.00000000e+00,96453354082644,96453355733967
12272,12272,"Agent 2",1,922532,922532,163840,35,"gemm_hfq4g256_mmq_x256y64_group128_quad_row_u32x2_full_add",256,0,20,256,0,128,"SQ_INSTS_VALU",0.00000000e+00,96453360010496,96453361773739
12275,12275,"Agent 2",1,922532,922532,557056,37,"gemm_hfq4g256_mmq_x256y64_group128_quad_row_u32x2_full_set",256,0,20,256,0,128,"SQ_INSTS_VALU",0.00000000e+00,96453362035740,96453366820870
12276,12276,"Agent 2",1,922532,922532,557056,37,"gemm_hfq4g256_mmq_x256y64_group128_quad_row_u32x2_full_set",256,0,20,256,0,128,"SQ_INSTS_VALU",0.00000000e+00,96453366880750,96453371686679
12279,12279,"Agent 2",1,922532,922532,163840,35,"gemm_hfq4g256_mmq_x256y64_group128_quad_row_u32x2_full_add",256,0,20,256,0,128,"SQ_INSTS_VALU",0.00000000e+00,96453372849682,96453377774891
12282,12282,"Agent 2",1,922532,922532,393216,37,"gemm_hfq4g256_mmq_x256y64_group128_quad_row_u32x2_full_set",256,0,20,256,0,128,"SQ_INSTS_VALU",0.00000000e+00,96453378093692,96453381437819
12297,12297,"Agent 2",1,922532,922532,163840,35,"gemm_hfq4g256_mmq_x256y64_group128_quad_row_u32x2_full_add",256,0,20,256,0,128,"SQ_INSTS_VALU",0.00000000e+00,96453387196310,96453388934034
12300,12300,"Agent 2",1,922532,922532,557056,37,"gemm_hfq4g256_mmq_x256y64_group128_quad_row_u32x2_full_set",256,0,20,256,0,128,"SQ_INSTS_VALU",0.00000000e+00,96453389189474,96453393879884
12301,12301,"Agent 2",1,922532,922532,557056,37,"gemm_hfq4g256_mmq_x256y64_group128_quad_row_u32x2_full_set",256,0,20,256,0,128,"SQ_INSTS_VALU",0.00000000e+00,96453393937404,96453398672413
12304,12304,"Agent 2",1,922532,922532,163840,35,"gemm_hfq4g256_mmq_x256y64_group128_quad_row_u32x2_full_add",256,0,20,256,0,128,"SQ_INSTS_VALU",0.00000000e+00,96453399822576,96453404704346
12307,12307,"Agent 2",1,922532,922532,327680,37,"gemm_hfq4g256_mmq_x256y64_group128_quad_row_u32x2_full_set",256,0,20,256,0,128,"SQ_INSTS_VALU",0.00000000e+00,96453405010104,96453407783549
12308,12308,"Agent 2",1,922532,922532,196608,37,"gemm_hfq4g256_mmq_x256y64_group128_quad_row_u32x2_full_set",256,0,20,256,0,128,"SQ_INSTS_VALU",0.00000000e+00,96453407846389,96453409491752
12318,12318,"Agent 2",1,922532,922532,163840,35,"gemm_hfq4g256_mmq_x256y64_group128_quad_row_u32x2_full_add",256,0,20,256,0,128,"SQ_INSTS_VALU",0.00000000e+00,96453413775640,96453415530044
12321,12321,"Agent 2",1,922532,922532,557056,37,"gemm_hfq4g256_mmq_x256y64_group128_quad_row_u32x2_full_set",256,0,20,256,0,128,"SQ_INSTS_VALU",0.00000000e+00,96453415782324,96453420566014
12322,12322,"Agent 2",1,922532,922532,557056,37,"gemm_hfq4g256_mmq_x256y64_group128_quad_row_u32x2_full_set",256,0,20,256,0,128,"SQ_INSTS_VALU",0.00000000e+00,96453420627694,96453425435344
12325,12325,"Agent 2",1,922532,922532,163840,35,"gemm_hfq4g256_mmq_x256y64_group128_quad_row_u32x2_full_add",256,0,20,256,0,128,"SQ_INSTS_VALU",0.00000000e+00,96453426593266,96453431476116
12328,12328,"Agent 2",1,922532,922532,327680,37,"gemm_hfq4g256_mmq_x256y64_group128_quad_row_u32x2_full_set",256,0,20,256,0,128,"SQ_INSTS_VALU",0.00000000e+00,96453431782797,96453434560842
12329,12329,"Agent 2",1,922532,922532,196608,37,"gemm_hfq4g256_mmq_x256y64_group128_quad_row_u32x2_full_set",256,0,20,256,0,128,"SQ_INSTS_VALU",0.00000000e+00,96453434619442,96453436279886
12339,12339,"Agent 2",1,922532,922532,163840,35,"gemm_hfq4g256_mmq_x256y64_group128_quad_row_u32x2_full_add",256,0,20,256,0,128,"SQ_INSTS_VALU",0.00000000e+00,96453440562414,96453442296698
12342,12342,"Agent 2",1,922532,922532,557056,37,"gemm_hfq4g256_mmq_x256y64_group128_quad_row_u32x2_full_set",256,0,20,256,0,128,"SQ_INSTS_VALU",0.00000000e+00,96453442545258,96453447262828
12343,12343,"Agent 2",1,922532,922532,557056,37,"gemm_hfq4g256_mmq_x256y64_group128_quad_row_u32x2_full_set",256,0,20,256,0,128,"SQ_INSTS_VALU",0.00000000e+00,96453447323948,96453452064837
12346,12346,"Agent 2",1,922532,922532,163840,35,"gemm_hfq4g256_mmq_x256y64_group128_quad_row_u32x2_full_add",256,0,20,256,0,128,"SQ_INSTS_VALU",0.00000000e+00,96453453209680,96453458089209
12349,12349,"Agent 2",1,922532,922532,327680,37,"gemm_hfq4g256_mmq_x256y64_group128_quad_row_u32x2_full_set",256,0,20,256,0,128,"SQ_INSTS_VALU",0.00000000e+00,96453458395810,96453461173296
12350,12350,"Agent 2",1,922532,922532,196608,37,"gemm_hfq4g256_mmq_x256y64_group128_quad_row_u32x2_full_set",256,0,20,256,0,128,"SQ_INSTS_VALU",0.00000000e+00,96453461233416,96453462873899
12360,12360,"Agent 2",1,922532,922532,163840,35,"gemm_hfq4g256_mmq_x256y64_group128_quad_row_u32x2_full_add",256,0,20,256,0,128,"SQ_INSTS_VALU",0.00000000e+00,96453467143548,96453468890911
12363,12363,"Agent 2",1,922532,922532,557056,37,"gemm_hfq4g256_mmq_x256y64_group128_quad_row_u32x2_full_set",256,0,20,256,0,128,"SQ_INSTS_VALU",0.00000000e+00,96453469142737,96453473897186
12364,12364,"Agent 2",1,922532,922532,557056,37,"gemm_hfq4g256_mmq_x256y64_group128_quad_row_u32x2_full_set",256,0,20,256,0,128,"SQ_INSTS_VALU",0.00000000e+00,96453473962586,96453478759435
12367,12367,"Agent 2",1,922532,922532,163840,35,"gemm_hfq4g256_mmq_x256y64_group128_quad_row_u32x2_full_add",256,0,20,256,0,128,"SQ_INSTS_VALU",0.00000000e+00,96453479912398,96453484789727
12370,12370,"Agent 2",1,922532,922532,393216,37,"gemm_hfq4g256_mmq_x256y64_group128_quad_row_u32x2_full_set",256,0,20,256,0,128,"SQ_INSTS_VALU",0.00000000e+00,96453485090288,96453488347014
12385,12385,"Agent 2",1,922532,922532,163840,35,"gemm_hfq4g256_mmq_x256y64_group128_quad_row_u32x2_full_add",256,0,20,256,0,128,"SQ_INSTS_VALU",0.00000000e+00,96453494006826,96453495698389
12388,12388,"Agent 2",1,922532,922532,557056,37,"gemm_hfq4g256_mmq_x256y64_group128_quad_row_u32x2_full_set",256,0,20,256,0,128,"SQ_INSTS_VALU",0.00000000e+00,96453495947790,96453500514879
12389,12389,"Agent 2",1,922532,922532,557056,37,"gemm_hfq4g256_mmq_x256y64_group128_quad_row_u32x2_full_set",256,0,20,256,0,128,"SQ_INSTS_VALU",0.00000000e+00,96453500572279,96453505183568
12392,12392,"Agent 2",1,922532,922532,163840,35,"gemm_hfq4g256_mmq_x256y64_group128_quad_row_u32x2_full_add",256,0,20,256,0,128,"SQ_INSTS_VALU",0.00000000e+00,96453506331211,96453511101340
12395,12395,"Agent 2",1,922532,922532,327680,37,"gemm_hfq4g256_mmq_x256y64_group128_quad_row_u32x2_full_set",256,0,20,256,0,128,"SQ_INSTS_VALU",0.00000000e+00,96453511399661,96453514124266
12396,12396,"Agent 2",1,922532,922532,196608,37,"gemm_hfq4g256_mmq_x256y64_group128_quad_row_u32x2_full_set",256,0,20,256,0,128,"SQ_INSTS_VALU",0.00000000e+00,96453514184026,96453515808430
12406,12406,"Agent 2",1,922532,922532,163840,35,"gemm_hfq4g256_mmq_x256y64_group128_quad_row_u32x2_full_add",256,0,20,256,0,128,"SQ_INSTS_VALU",0.00000000e+00,96453520044158,96453521778522
12409,12409,"Agent 2",1,922532,922532,557056,37,"gemm_hfq4g256_mmq_x256y64_group128_quad_row_u32x2_full_set",256,0,20,256,0,128,"SQ_INSTS_VALU",0.00000000e+00,96453522032442,96453526759052
12410,12410,"Agent 2",1,922532,922532,557056,37,"gemm_hfq4g256_mmq_x256y64_group128_quad_row_u32x2_full_set",256,0,20,256,0,128,"SQ_INSTS_VALU",0.00000000e+00,96453526819892,96453531577581
12413,12413,"Agent 2",1,922532,922532,163840,35,"gemm_hfq4g256_mmq_x256y64_group128_quad_row_u32x2_full_add",256,0,20,256,0,128,"SQ_INSTS_VALU",0.00000000e+00,96453532722838,96453537623287
12416,12416,"Agent 2",1,922532,922532,327680,37,"gemm_hfq4g256_mmq_x256y64_group128_quad_row_u32x2_full_set",256,0,20,256,0,128,"SQ_INSTS_VALU",0.00000000e+00,96453537932607,96453540735973
12417,12417,"Agent 2",1,922532,922532,196608,37,"gemm_hfq4g256_mmq_x256y64_group128_quad_row_u32x2_full_set",256,0,20,256,0,128,"SQ_INSTS_VALU",0.00000000e+00,96453540797573,96453542468496
12427,12427,"Agent 2",1,922532,922532,163840,35,"gemm_hfq4g256_mmq_x256y64_group128_quad_row_u32x2_full_add",256,0,20,256,0,128,"SQ_INSTS_VALU",0.00000000e+00,96453546782985,96453548569228
12430,12430,"Agent 2",1,922532,922532,557056,37,"gemm_hfq4g256_mmq_x256y64_group128_quad_row_u32x2_full_set",256,0,20,256,0,128,"SQ_INSTS_VALU",0.00000000e+00,96453548820589,96453553709639
12431,12431,"Agent 2",1,922532,922532,557056,37,"gemm_hfq4g256_mmq_x256y64_group128_quad_row_u32x2_full_set",256,0,20,256,0,128,"SQ_INSTS_VALU",0.00000000e+00,96453553770559,96453558647089
12434,12434,"Agent 2",1,922532,922532,163840,35,"gemm_hfq4g256_mmq_x256y64_group128_quad_row_u32x2_full_add",256,0,20,256,0,128,"SQ_INSTS_VALU",0.00000000e+00,96453559790971,96453564746861
12437,12437,"Agent 2",1,922532,922532,327680,37,"gemm_hfq4g256_mmq_x256y64_group128_quad_row_u32x2_full_set",256,0,20,256,0,128,"SQ_INSTS_VALU",0.00000000e+00,96453565054942,96453567863827
12438,12438,"Agent 2",1,922532,922532,196608,37,"gemm_hfq4g256_mmq_x256y64_group128_quad_row_u32x2_full_set",256,0,20,256,0,128,"SQ_INSTS_VALU",0.00000000e+00,96453567923107,96453569596151
12448,12448,"Agent 2",1,922532,922532,163840,35,"gemm_hfq4g256_mmq_x256y64_group128_quad_row_u32x2_full_add",256,0,20,256,0,128,"SQ_INSTS_VALU",0.00000000e+00,96453573906399,96453575686163
12451,12451,"Agent 2",1,922532,922532,557056,37,"gemm_hfq4g256_mmq_x256y64_group128_quad_row_u32x2_full_set",256,0,20,256,0,128,"SQ_INSTS_VALU",0.00000000e+00,96453575941123,96453580740613
12452,12452,"Agent 2",1,922532,922532,557056,37,"gemm_hfq4g256_mmq_x256y64_group128_quad_row_u32x2_full_set",256,0,20,256,0,128,"SQ_INSTS_VALU",0.00000000e+00,96453580800173,96453585594943
12455,12455,"Agent 2",1,922532,922532,163840,35,"gemm_hfq4g256_mmq_x256y64_group128_quad_row_u32x2_full_add",256,0,20,256,0,128,"SQ_INSTS_VALU",0.00000000e+00,96453586758745,96453591695155
12458,12458,"Agent 2",1,922532,922532,393216,37,"gemm_hfq4g256_mmq_x256y64_group128_quad_row_u32x2_full_set",256,0,20,256,0,128,"SQ_INSTS_VALU",0.00000000e+00,96453592007556,96453595361643
12473,12473,"Agent 2",1,922532,922532,163840,35,"gemm_hfq4g256_mmq_x256y64_group128_quad_row_u32x2_full_add",256,0,20,256,0,128,"SQ_INSTS_VALU",0.00000000e+00,96453601122972,96453602838816
12476,12476,"Agent 2",1,922532,922532,557056,37,"gemm_hfq4g256_mmq_x256y64_group128_quad_row_u32x2_full_set",256,0,20,256,0,128,"SQ_INSTS_VALU",0.00000000e+00,96453603095336,96453607724346
12477,12477,"Agent 2",1,922532,922532,557056,37,"gemm_hfq4g256_mmq_x256y64_group128_quad_row_u32x2_full_set",256,0,20,256,0,128,"SQ_INSTS_VALU",0.00000000e+00,96453607783226,96453612437475
12480,12480,"Agent 2",1,922532,922532,163840,35,"gemm_hfq4g256_mmq_x256y64_group128_quad_row_u32x2_full_add",256,0,20,256,0,128,"SQ_INSTS_VALU",0.00000000e+00,96453613586557,96453618370527
12483,12483,"Agent 2",1,922532,922532,327680,37,"gemm_hfq4g256_mmq_x256y64_group128_quad_row_u32x2_full_set",256,0,20,256,0,128,"SQ_INSTS_VALU",0.00000000e+00,96453618676648,96453621401773
12484,12484,"Agent 2",1,922532,922532,196608,37,"gemm_hfq4g256_mmq_x256y64_group128_quad_row_u32x2_full_set",256,0,20,256,0,128,"SQ_INSTS_VALU",0.00000000e+00,96453621461653,96453623091017
12494,12494,"Agent 2",1,922532,922532,163840,35,"gemm_hfq4g256_mmq_x256y64_group128_quad_row_u32x2_full_add",256,0,20,256,0,128,"SQ_INSTS_VALU",0.00000000e+00,96453627338945,96453629072509
12497,12497,"Agent 2",1,922532,922532,557056,37,"gemm_hfq4g256_mmq_x256y64_group128_quad_row_u32x2_full_set",256,0,20,256,0,128,"SQ_INSTS_VALU",0.00000000e+00,96453629324309,96453634030519
12498,12498,"Agent 2",1,922532,922532,557056,37,"gemm_hfq4g256_mmq_x256y64_group128_quad_row_u32x2_full_set",256,0,20,256,0,128,"SQ_INSTS_VALU",0.00000000e+00,96453634089479,96453638822208
12501,12501,"Agent 2",1,922532,922532,163840,35,"gemm_hfq4g256_mmq_x256y64_group128_quad_row_u32x2_full_add",256,0,20,256,0,128,"SQ_INSTS_VALU",0.00000000e+00,96453639965451,96453644846380
12504,12504,"Agent 2",1,922532,922532,327680,37,"gemm_hfq4g256_mmq_x256y64_group128_quad_row_u32x2_full_set",256,0,20,256,0,128,"SQ_INSTS_VALU",0.00000000e+00,96453645153101,96453647936747
12505,12505,"Agent 2",1,922532,922532,196608,37,"gemm_hfq4g256_mmq_x256y64_group128_quad_row_u32x2_full_set",256,0,20,256,0,128,"SQ_INSTS_VALU",0.00000000e+00,96453647994227,96453649653630
12515,12515,"Agent 2",1,922532,922532,163840,35,"gemm_hfq4g256_mmq_x256y64_group128_quad_row_u32x2_full_add",256,0,20,256,0,128,"SQ_INSTS_VALU",0.00000000e+00,96453653951279,96453655715002
12518,12518,"Agent 2",1,922532,922532,557056,37,"gemm_hfq4g256_mmq_x256y64_group128_quad_row_u32x2_full_set",256,0,20,256,0,128,"SQ_INSTS_VALU",0.00000000e+00,96453655963403,96453660804732
12519,12519,"Agent 2",1,922532,922532,557056,37,"gemm_hfq4g256_mmq_x256y64_group128_quad_row_u32x2_full_set",256,0,20,256,0,128,"SQ_INSTS_VALU",0.00000000e+00,96453660864691,96453665714740
12522,12522,"Agent 2",1,922532,922532,163840,35,"gemm_hfq4g256_mmq_x256y64_group128_quad_row_u32x2_full_add",256,0,20,256,0,128,"SQ_INSTS_VALU",0.00000000e+00,96453666867062,96453671811632
12525,12525,"Agent 2",1,922532,922532,327680,37,"gemm_hfq4g256_mmq_x256y64_group128_quad_row_u32x2_full_set",256,0,20,256,0,128,"SQ_INSTS_VALU",0.00000000e+00,96453672118872,96453674926398
12526,12526,"Agent 2",1,922532,922532,196608,37,"gemm_hfq4g256_mmq_x256y64_group128_quad_row_u32x2_full_set",256,0,20,256,0,128,"SQ_INSTS_VALU",0.00000000e+00,96453674987358,96453676656841
12536,12536,"Agent 2",1,922532,922532,163840,35,"gemm_hfq4g256_mmq_x256y64_group128_quad_row_u32x2_full_add",256,0,20,256,0,128,"SQ_INSTS_VALU",0.00000000e+00,96453680981810,96453682741454
12539,12539,"Agent 2",1,922532,922532,557056,37,"gemm_hfq4g256_mmq_x256y64_group128_quad_row_u32x2_full_set",256,0,20,256,0,128,"SQ_INSTS_VALU",0.00000000e+00,96453682993214,96453687756464
12540,12540,"Agent 2",1,922532,922532,557056,37,"gemm_hfq4g256_mmq_x256y64_group128_quad_row_u32x2_full_set",256,0,20,256,0,128,"SQ_INSTS_VALU",0.00000000e+00,96453687815304,96453692588793
12543,12543,"Agent 2",1,922532,922532,163840,35,"gemm_hfq4g256_mmq_x256y64_group128_quad_row_u32x2_full_add",256,0,20,256,0,128,"SQ_INSTS_VALU",0.00000000e+00,96453693748836,96453698649846
12546,12546,"Agent 2",1,922532,922532,393216,37,"gemm_hfq4g256_mmq_x256y64_group128_quad_row_u32x2_full_set",256,0,20,256,0,128,"SQ_INSTS_VALU",0.00000000e+00,96453698957286,96453702263853
12561,12561,"Agent 2",1,922532,922532,163840,35,"gemm_hfq4g256_mmq_x256y64_group128_quad_row_u32x2_full_add",256,0,20,256,0,128,"SQ_INSTS_VALU",0.00000000e+00,96453707933104,96453709627788
12564,12564,"Agent 2",1,922532,922532,557056,37,"gemm_hfq4g256_mmq_x256y64_group128_quad_row_u32x2_full_set",256,0,20,256,0,128,"SQ_INSTS_VALU",0.00000000e+00,96453709877748,96453714469437
12565,12565,"Agent 2",1,922532,922532,557056,37,"gemm_hfq4g256_mmq_x256y64_group128_quad_row_u32x2_full_set",256,0,20,256,0,128,"SQ_INSTS_VALU",0.00000000e+00,96453714528558,96453719164367
12568,12568,"Agent 2",1,922532,922532,163840,35,"gemm_hfq4g256_mmq_x256y64_group128_quad_row_u32x2_full_add",256,0,20,256,0,128,"SQ_INSTS_VALU",0.00000000e+00,96453720310289,96453725154179
12571,12571,"Agent 2",1,922532,922532,327680,37,"gemm_hfq4g256_mmq_x256y64_group128_quad_row_u32x2_full_set",256,0,20,256,0,128,"SQ_INSTS_VALU",0.00000000e+00,96453725455780,96453728240905
12572,12572,"Agent 2",1,922532,922532,196608,37,"gemm_hfq4g256_mmq_x256y64_group128_quad_row_u32x2_full_set",256,0,20,256,0,128,"SQ_INSTS_VALU",0.00000000e+00,96453728311958,96453729971202
12582,12582,"Agent 2",1,922532,922532,163840,35,"gemm_hfq4g256_mmq_x256y64_group128_quad_row_u32x2_full_add",256,0,20,256,0,128,"SQ_INSTS_VALU",0.00000000e+00,96453734287412,96453736054457
12585,12585,"Agent 2",1,922532,922532,557056,37,"gemm_hfq4g256_mmq_x256y64_group128_quad_row_u32x2_full_set",256,0,20,256,0,128,"SQ_INSTS_VALU",0.00000000e+00,96453736305338,96453741082910
12586,12586,"Agent 2",1,922532,922532,557056,37,"gemm_hfq4g256_mmq_x256y64_group128_quad_row_u32x2_full_set",256,0,20,256,0,128,"SQ_INSTS_VALU",0.00000000e+00,96453741141990,96453745922522
12589,12589,"Agent 2",1,922532,922532,163840,35,"gemm_hfq4g256_mmq_x256y64_group128_quad_row_u32x2_full_add",256,0,20,256,0,128,"SQ_INSTS_VALU",0.00000000e+00,96453747071405,96453751963097
12592,12592,"Agent 2",1,922532,922532,327680,37,"gemm_hfq4g256_mmq_x256y64_group128_quad_row_u32x2_full_set",256,0,20,256,0,128,"SQ_INSTS_VALU",0.00000000e+00,96453752270178,96453755060985
12593,12593,"Agent 2",1,922532,922532,196608,37,"gemm_hfq4g256_mmq_x256y64_group128_quad_row_u32x2_full_set",256,0,20,256,0,128,"SQ_INSTS_VALU",0.00000000e+00,96453755121225,96453756793710
12603,12603,"Agent 2",1,922532,922532,163840,35,"gemm_hfq4g256_mmq_x256y64_group128_quad_row_u32x2_full_add",256,0,20,256,0,128,"SQ_INSTS_VALU",0.00000000e+00,96453761119801,96453762907485
12606,12606,"Agent 2",1,922532,922532,557056,37,"gemm_hfq4g256_mmq_x256y64_group128_quad_row_u32x2_full_set",256,0,20,256,0,128,"SQ_INSTS_VALU",0.00000000e+00,96453763159886,96453768000258
12607,12607,"Agent 2",1,922532,922532,557056,37,"gemm_hfq4g256_mmq_x256y64_group128_quad_row_u32x2_full_set",256,0,20,256,0,128,"SQ_INSTS_VALU",0.00000000e+00,96453768059818,96453772900391
12610,12610,"Agent 2",1,922532,922532,163840,35,"gemm_hfq4g256_mmq_x256y64_group128_quad_row_u32x2_full_add",256,0,20,256,0,128,"SQ_INSTS_VALU",0.00000000e+00,96453774058194,96453779058646
12613,12613,"Agent 2",1,922532,922532,327680,37,"gemm_hfq4g256_mmq_x256y64_group128_quad_row_u32x2_full_set",256,0,20,256,0,128,"SQ_INSTS_VALU",0.00000000e+00,96453779368967,96453782231134
12614,12614,"Agent 2",1,922532,922532,196608,37,"gemm_hfq4g256_mmq_x256y64_group128_quad_row_u32x2_full_set",256,0,20,256,0,128,"SQ_INSTS_VALU",0.00000000e+00,96453782289575,96453783988099
12624,12624,"Agent 2",1,922532,922532,163840,35,"gemm_hfq4g256_mmq_x256y64_group128_quad_row_u32x2_full_add",256,0,20,256,0,128,"SQ_INSTS_VALU",0.00000000e+00,96453788352630,96453790144235
12627,12627,"Agent 2",1,922532,922532,557056,37,"gemm_hfq4g256_mmq_x256y64_group128_quad_row_u32x2_full_set",256,0,20,256,0,128,"SQ_INSTS_VALU",0.00000000e+00,96453790386185,96453795214514
12628,12628,"Agent 2",1,922532,922532,557056,37,"gemm_hfq4g256_mmq_x256y64_group128_quad_row_u32x2_full_set",256,0,20,256,0,128,"SQ_INSTS_VALU",0.00000000e+00,96453795277234,96453800091923
12631,12631,"Agent 2",1,922532,922532,163840,35,"gemm_hfq4g256_mmq_x256y64_group128_quad_row_u32x2_full_add",256,0,20,256,0,128,"SQ_INSTS_VALU",0.00000000e+00,96453801239206,96453806154855
12634,12634,"Agent 2",1,922532,922532,393216,37,"gemm_hfq4g256_mmq_x256y64_group128_quad_row_u32x2_full_set",256,0,20,256,0,128,"SQ_INSTS_VALU",0.00000000e+00,96453806455936,96453809783063
12649,12649,"Agent 2",1,922532,922532,163840,35,"gemm_hfq4g256_mmq_x256y64_group128_quad_row_u32x2_full_add",256,0,20,256,0,128,"SQ_INSTS_VALU",0.00000000e+00,96453815501114,96453817223518
12652,12652,"Agent 2",1,922532,922532,557056,37,"gemm_hfq4g256_mmq_x256y64_group128_quad_row_u32x2_full_set",256,0,20,256,0,128,"SQ_INSTS_VALU",0.00000000e+00,96453817473918,96453822152888
12653,12653,"Agent 2",1,922532,922532,557056,37,"gemm_hfq4g256_mmq_x256y64_group128_quad_row_u32x2_full_set",256,0,20,256,0,128,"SQ_INSTS_VALU",0.00000000e+00,96453822210128,96453826922537
12656,12656,"Agent 2",1,922532,922532,163840,35,"gemm_hfq4g256_mmq_x256y64_group128_quad_row_u32x2_full_add",256,0,20,256,0,128,"SQ_INSTS_VALU",0.00000000e+00,96453828080940,96453832993590
12659,12659,"Agent 2",1,922532,922532,327680,37,"gemm_hfq4g256_mmq_x256y64_group128_quad_row_u32x2_full_set",256,0,20,256,0,128,"SQ_INSTS_VALU",0.00000000e+00,96453833304670,96453836131276
12660,12660,"Agent 2",1,922532,922532,196608,37,"gemm_hfq4g256_mmq_x256y64_group128_quad_row_u32x2_full_set",256,0,20,256,0,128,"SQ_INSTS_VALU",0.00000000e+00,96453836190436,96453837873479
12670,12670,"Agent 2",1,922532,922532,163840,35,"gemm_hfq4g256_mmq_x256y64_group128_quad_row_u32x2_full_add",256,0,20,256,0,128,"SQ_INSTS_VALU",0.00000000e+00,96453842194808,96453843978932
12673,12673,"Agent 2",1,922532,922532,557056,37,"gemm_hfq4g256_mmq_x256y64_group128_quad_row_u32x2_full_set",256,0,20,256,0,128,"SQ_INSTS_VALU",0.00000000e+00,96453844234012,96453849055942
12674,12674,"Agent 2",1,922532,922532,557056,37,"gemm_hfq4g256_mmq_x256y64_group128_quad_row_u32x2_full_set",256,0,20,256,0,128,"SQ_INSTS_VALU",0.00000000e+00,96453849114262,96453853933392
12677,12677,"Agent 2",1,922532,922532,163840,35,"gemm_hfq4g256_mmq_x256y64_group128_quad_row_u32x2_full_add",256,0,20,256,0,128,"SQ_INSTS_VALU",0.00000000e+00,96453855077321,96453860022611
12680,12680,"Agent 2",1,922532,922532,327680,37,"gemm_hfq4g256_mmq_x256y64_group128_quad_row_u32x2_full_set",256,0,20,256,0,128,"SQ_INSTS_VALU",0.00000000e+00,96453860334411,96453863154937
12681,12681,"Agent 2",1,922532,922532,196608,37,"gemm_hfq4g256_mmq_x256y64_group128_quad_row_u32x2_full_set",256,0,20,256,0,128,"SQ_INSTS_VALU",0.00000000e+00,96453863214177,96453864903220
12691,12691,"Agent 2",1,922532,922532,163840,35,"gemm_hfq4g256_mmq_x256y64_group128_quad_row_u32x2_full_add",256,0,20,256,0,128,"SQ_INSTS_VALU",0.00000000e+00,96453869241029,96453871031993
12694,12694,"Agent 2",1,922532,922532,557056,37,"gemm_hfq4g256_mmq_x256y64_group128_quad_row_u32x2_full_set",256,0,20,256,0,128,"SQ_INSTS_VALU",0.00000000e+00,96453871282873,96453876145323
12695,12695,"Agent 2",1,922532,922532,557056,37,"gemm_hfq4g256_mmq_x256y64_group128_quad_row_u32x2_full_set",256,0,20,256,0,128,"SQ_INSTS_VALU",0.00000000e+00,96453876203843,96453881066893
12698,12698,"Agent 2",1,922532,922532,163840,35,"gemm_hfq4g256_mmq_x256y64_group128_quad_row_u32x2_full_add",256,0,20,256,0,128,"SQ_INSTS_VALU",0.00000000e+00,96453882212735,96453887178025
12701,12701,"Agent 2",1,922532,922532,327680,37,"gemm_hfq4g256_mmq_x256y64_group128_quad_row_u32x2_full_set",256,0,20,256,0,128,"SQ_INSTS_VALU",0.00000000e+00,96453887484186,96453890315191
12702,12702,"Agent 2",1,922532,922532,196608,37,"gemm_hfq4g256_mmq_x256y64_group128_quad_row_u32x2_full_set",256,0,20,256,0,128,"SQ_INSTS_VALU",0.00000000e+00,96453890374472,96453892055435
12712,12712,"Agent 2",1,922532,922532,163840,35,"gemm_hfq4g256_mmq_x256y64_group128_quad_row_u32x2_full_add",256,0,20,256,0,128,"SQ_INSTS_VALU",0.00000000e+00,96453896382124,96453898180447
12715,12715,"Agent 2",1,922532,922532,557056,37,"gemm_hfq4g256_mmq_x256y64_group128_quad_row_u32x2_full_set",256,0,20,256,0,128,"SQ_INSTS_VALU",0.00000000e+00,96453898433248,96453903286938
12716,12716,"Agent 2",1,922532,922532,557056,37,"gemm_hfq4g256_mmq_x256y64_group128_quad_row_u32x2_full_set",256,0,20,256,0,128,"SQ_INSTS_VALU",0.00000000e+00,96453903346258,96453908189307
12719,12719,"Agent 2",1,922532,922532,163840,35,"gemm_hfq4g256_mmq_x256y64_group128_quad_row_u32x2_full_add",256,0,20,256,0,128,"SQ_INSTS_VALU",0.00000000e+00,96453909329990,96453914271640
12722,12722,"Agent 2",1,922532,922532,393216,37,"gemm_hfq4g256_mmq_x256y64_group128_quad_row_u32x2_full_set",256,0,20,256,0,128,"SQ_INSTS_VALU",0.00000000e+00,96453914574040,96453917910847
12737,12737,"Agent 2",1,922532,922532,163840,35,"gemm_hfq4g256_mmq_x256y64_group128_quad_row_u32x2_full_add",256,0,20,256,0,128,"SQ_INSTS_VALU",0.00000000e+00,96453923614957,96453925336281
12740,12740,"Agent 2",1,922532,922532,557056,37,"gemm_hfq4g256_mmq_x256y64_group128_quad_row_u32x2_full_set",256,0,20,256,0,128,"SQ_INSTS_VALU",0.00000000e+00,96453925586521,96453930271931
12741,12741,"Agent 2",1,922532,922532,557056,37,"gemm_hfq4g256_mmq_x256y64_group128_quad_row_u32x2_full_set",256,0,20,256,0,128,"SQ_INSTS_VALU",0.00000000e+00,96453930330051,96453935070260
12744,12744,"Agent 2",1,922532,922532,163840,35,"gemm_hfq4g256_mmq_x256y64_group128_quad_row_u32x2_full_add",256,0,20,256,0,128,"SQ_INSTS_VALU",0.00000000e+00,96453936225263,96453941096673
12747,12747,"Agent 2",1,922532,922532,327680,37,"gemm_hfq4g256_mmq_x256y64_group128_quad_row_u32x2_full_set",256,0,20,256,0,128,"SQ_INSTS_VALU",0.00000000e+00,96453941402153,96453944188599
12748,12748,"Agent 2",1,922532,922532,196608,37,"gemm_hfq4g256_mmq_x256y64_group128_quad_row_u32x2_full_set",256,0,20,256,0,128,"SQ_INSTS_VALU",0.00000000e+00,96453944246039,96453945907042
12758,12758,"Agent 2",1,922532,922532,163840,35,"gemm_hfq4g256_mmq_x256y64_group128_quad_row_u32x2_full_add",256,0,20,256,0,128,"SQ_INSTS_VALU",0.00000000e+00,96453950237131,96453952023735
12761,12761,"Agent 2",1,922532,922532,557056,37,"gemm_hfq4g256_mmq_x256y64_group128_quad_row_u32x2_full_set",256,0,20,256,0,128,"SQ_INSTS_VALU",0.00000000e+00,96453952276215,96453957094625
12762,12762,"Agent 2",1,922532,922532,557056,37,"gemm_hfq4g256_mmq_x256y64_group128_quad_row_u32x2_full_set",256,0,20,256,0,128,"SQ_INSTS_VALU",0.00000000e+00,96453957154505,96453961971635
12765,12765,"Agent 2",1,922532,922532,163840,35,"gemm_hfq4g256_mmq_x256y64_group128_quad_row_u32x2_full_add",256,0,20,256,0,128,"SQ_INSTS_VALU",0.00000000e+00,96453963140317,96453968076407
12768,12768,"Agent 2",1,922532,922532,327680,37,"gemm_hfq4g256_mmq_x256y64_group128_quad_row_u32x2_full_set",256,0,20,256,0,128,"SQ_INSTS_VALU",0.00000000e+00,96453968381488,96453971180693
12769,12769,"Agent 2",1,922532,922532,196608,37,"gemm_hfq4g256_mmq_x256y64_group128_quad_row_u32x2_full_set",256,0,20,256,0,128,"SQ_INSTS_VALU",0.00000000e+00,96453971240333,96453972898657
12779,12779,"Agent 2",1,922532,922532,163840,35,"gemm_hfq4g256_mmq_x256y64_group128_quad_row_u32x2_full_add",256,0,20,256,0,128,"SQ_INSTS_VALU",0.00000000e+00,96453977547746,96453979298590
12782,12782,"Agent 2",1,922532,922532,557056,37,"gemm_hfq4g256_mmq_x256y64_group128_quad_row_u32x2_full_set",256,0,20,256,0,128,"SQ_INSTS_VALU",0.00000000e+00,96453979548750,96453984317280
12783,12783,"Agent 2",1,922532,922532,557056,37,"gemm_hfq4g256_mmq_x256y64_group128_quad_row_u32x2_full_set",256,0,20,256,0,128,"SQ_INSTS_VALU",0.00000000e+00,96453984376554,96453989154883
12786,12786,"Agent 2",1,922532,922532,163840,35,"gemm_hfq4g256_mmq_x256y64_group128_quad_row_u32x2_full_add",256,0,20,256,0,128,"SQ_INSTS_VALU",0.00000000e+00,96453990308165,96453995205375
12789,12789,"Agent 2",1,922532,922532,327680,37,"gemm_hfq4g256_mmq_x256y64_group128_quad_row_u32x2_full_set",256,0,20,256,0,128,"SQ_INSTS_VALU",0.00000000e+00,96453995510135,96453998310741
12790,12790,"Agent 2",1,922532,922532,196608,37,"gemm_hfq4g256_mmq_x256y64_group128_quad_row_u32x2_full_set",256,0,20,256,0,128,"SQ_INSTS_VALU",0.00000000e+00,96453998368501,96454000033584
12800,12800,"Agent 2",1,922532,922532,163840,35,"gemm_hfq4g256_mmq_x256y64_group128_quad_row_u32x2_full_add",256,0,20,256,0,128,"SQ_INSTS_VALU",0.00000000e+00,96454004308873,96454006060517
12803,12803,"Agent 2",1,922532,922532,557056,37,"gemm_hfq4g256_mmq_x256y64_group128_quad_row_u32x2_full_set",256,0,20,256,0,128,"SQ_INSTS_VALU",0.00000000e+00,96454006309437,96454011062407
12804,12804,"Agent 2",1,922532,922532,557056,37,"gemm_hfq4g256_mmq_x256y64_group128_quad_row_u32x2_full_set",256,0,20,256,0,128,"SQ_INSTS_VALU",0.00000000e+00,96454011121527,96454015895656
12807,12807,"Agent 2",1,922532,922532,163840,35,"gemm_hfq4g256_mmq_x256y64_group128_quad_row_u32x2_full_add",256,0,20,256,0,128,"SQ_INSTS_VALU",0.00000000e+00,96454017035459,96454021944229
12810,12810,"Agent 2",1,922532,922532,393216,37,"gemm_hfq4g256_mmq_x256y64_group128_quad_row_u32x2_full_set",256,0,20,256,0,128,"SQ_INSTS_VALU",0.00000000e+00,96454022247349,96454025557956
12825,12825,"Agent 2",1,922532,922532,163840,35,"gemm_hfq4g256_mmq_x256y64_group128_quad_row_u32x2_full_add",256,0,20,256,0,128,"SQ_INSTS_VALU",0.00000000e+00,96454031212007,96454032912651
12828,12828,"Agent 2",1,922532,922532,557056,37,"gemm_hfq4g256_mmq_x256y64_group128_quad_row_u32x2_full_set",256,0,20,256,0,128,"SQ_INSTS_VALU",0.00000000e+00,96454033158331,96454037778861
12829,12829,"Agent 2",1,922532,922532,557056,37,"gemm_hfq4g256_mmq_x256y64_group128_quad_row_u32x2_full_set",256,0,20,256,0,128,"SQ_INSTS_VALU",0.00000000e+00,96454037835861,96454042500870
12832,12832,"Agent 2",1,922532,922532,163840,35,"gemm_hfq4g256_mmq_x256y64_group128_quad_row_u32x2_full_add",256,0,20,256,0,128,"SQ_INSTS_VALU",0.00000000e+00,96454043660112,96454048462202
12835,12835,"Agent 2",1,922532,922532,327680,37,"gemm_hfq4g256_mmq_x256y64_group128_quad_row_u32x2_full_set",256,0,20,256,0,128,"SQ_INSTS_VALU",0.00000000e+00,96454048765563,96454051532728
12836,12836,"Agent 2",1,922532,922532,196608,37,"gemm_hfq4g256_mmq_x256y64_group128_quad_row_u32x2_full_set",256,0,20,256,0,128,"SQ_INSTS_VALU",0.00000000e+00,96454051591730,96454053248773
12846,12846,"Agent 2",1,922532,922532,163840,35,"gemm_hfq4g256_mmq_x256y64_group128_quad_row_u32x2_full_add",256,0,20,256,0,128,"SQ_INSTS_VALU",0.00000000e+00,96454057522541,96454059246465
12849,12849,"Agent 2",1,922532,922532,557056,37,"gemm_hfq4g256_mmq_x256y64_group128_quad_row_u32x2_full_set",256,0,20,256,0,128,"SQ_INSTS_VALU",0.00000000e+00,96454059491785,96454064194955
12850,12850,"Agent 2",1,922532,922532,557056,37,"gemm_hfq4g256_mmq_x256y64_group128_quad_row_u32x2_full_set",256,0,20,256,0,128,"SQ_INSTS_VALU",0.00000000e+00,96454064254675,96454068980524
12853,12853,"Agent 2",1,922532,922532,163840,35,"gemm_hfq4g256_mmq_x256y64_group128_quad_row_u32x2_full_add",256,0,20,256,0,128,"SQ_INSTS_VALU",0.00000000e+00,96454070127926,96454074945696
12856,12856,"Agent 2",1,922532,922532,327680,37,"gemm_hfq4g256_mmq_x256y64_group128_quad_row_u32x2_full_set",256,0,20,256,0,128,"SQ_INSTS_VALU",0.00000000e+00,96454075249177,96454077989662
12857,12857,"Agent 2",1,922532,922532,196608,37,"gemm_hfq4g256_mmq_x256y64_group128_quad_row_u32x2_full_set",256,0,20,256,0,128,"SQ_INSTS_VALU",0.00000000e+00,96454078048622,96454079687226
12867,12867,"Agent 2",1,922532,922532,163840,35,"gemm_hfq4g256_mmq_x256y64_group128_quad_row_u32x2_full_add",256,0,20,256,0,128,"SQ_INSTS_VALU",0.00000000e+00,96454083958954,96454085706798
12870,12870,"Agent 2",1,922532,922532,557056,37,"gemm_hfq4g256_mmq_x256y64_group128_quad_row_u32x2_full_set",256,0,20,256,0,128,"SQ_INSTS_VALU",0.00000000e+00,96454085954638,96454090701728
12871,12871,"Agent 2",1,922532,922532,557056,37,"gemm_hfq4g256_mmq_x256y64_group128_quad_row_u32x2_full_set",256,0,20,256,0,128,"SQ_INSTS_VALU",0.00000000e+00,96454090760968,96454095510578
12874,12874,"Agent 2",1,922532,922532,163840,35,"gemm_hfq4g256_mmq_x256y64_group128_quad_row_u32x2_full_add",256,0,20,256,0,128,"SQ_INSTS_VALU",0.00000000e+00,96454096653460,96454101519710
12877,12877,"Agent 2",1,922532,922532,327680,37,"gemm_hfq4g256_mmq_x256y64_group128_quad_row_u32x2_full_set",256,0,20,256,0,128,"SQ_INSTS_VALU",0.00000000e+00,96454101825310,96454104598756
12878,12878,"Agent 2",1,922532,922532,196608,37,"gemm_hfq4g256_mmq_x256y64_group128_quad_row_u32x2_full_set",256,0,20,256,0,128,"SQ_INSTS_VALU",0.00000000e+00,96454104656276,96454106308120
12888,12888,"Agent 2",1,922532,922532,163840,35,"gemm_hfq4g256_mmq_x256y64_group128_quad_row_u32x2_full_add",256,0,20,256,0,128,"SQ_INSTS_VALU",0.00000000e+00,96454110585448,96454112351732
12891,12891,"Agent 2",1,922532,922532,557056,37,"gemm_hfq4g256_mmq_x256y64_group128_quad_row_u32x2_full_set",256,0,20,256,0,128,"SQ_INSTS_VALU",0.00000000e+00,96454112600918,96454117420807
12892,12892,"Agent 2",1,922532,922532,557056,37,"gemm_hfq4g256_mmq_x256y64_group128_quad_row_u32x2_full_set",256,0,20,256,0,128,"SQ_INSTS_VALU",0.00000000e+00,96454117483247,96454122303856
12895,12895,"Agent 2",1,922532,922532,163840,35,"gemm_hfq4g256_mmq_x256y64_group128_quad_row_u32x2_full_add",256,0,20,256,0,128,"SQ_INSTS_VALU",0.00000000e+00,96454123462299,96454128374469
12898,12898,"Agent 2",1,922532,922532,393216,37,"gemm_hfq4g256_mmq_x256y64_group128_quad_row_u32x2_full_set",256,0,20,256,0,128,"SQ_INSTS_VALU",0.00000000e+00,96454128678869,96454131984916
12913,12913,"Agent 2",1,922532,922532,163840,35,"gemm_hfq4g256_mmq_x256y64_group128_quad_row_u32x2_full_add",256,0,20,256,0,128,"SQ_INSTS_VALU",0.00000000e+00,96454137652647,96454139360851
12916,12916,"Agent 2",1,922532,922532,557056,37,"gemm_hfq4g256_mmq_x256y64_group128_quad_row_u32x2_full_set",256,0,20,256,0,128,"SQ_INSTS_VALU",0.00000000e+00,96454139606931,96454144228141
12917,12917,"Agent 2",1,922532,922532,557056,37,"gemm_hfq4g256_mmq_x256y64_group128_quad_row_u32x2_full_set",256,0,20,256,0,128,"SQ_INSTS_VALU",0.00000000e+00,96454144285981,96454148939190
12920,12920,"Agent 2",1,922532,922532,163840,35,"gemm_hfq4g256_mmq_x256y64_group128_quad_row_u32x2_full_add",256,0,20,256,0,128,"SQ_INSTS_VALU",0.00000000e+00,96454150085472,96454154900242
12923,12923,"Agent 2",1,922532,922532,327680,37,"gemm_hfq4g256_mmq_x256y64_group128_quad_row_u32x2_full_set",256,0,20,256,0,128,"SQ_INSTS_VALU",0.00000000e+00,96454155204643,96454157961808
12924,12924,"Agent 2",1,922532,922532,196608,37,"gemm_hfq4g256_mmq_x256y64_group128_quad_row_u32x2_full_set",256,0,20,256,0,128,"SQ_INSTS_VALU",0.00000000e+00,96454158033488,96454159674052
12934,12934,"Agent 2",1,922532,922532,163840,35,"gemm_hfq4g256_mmq_x256y64_group128_quad_row_u32x2_full_add",256,0,20,256,0,128,"SQ_INSTS_VALU",0.00000000e+00,96454163958020,96454165726184
12937,12937,"Agent 2",1,922532,922532,557056,37,"gemm_hfq4g256_mmq_x256y64_group128_quad_row_u32x2_full_set",256,0,20,256,0,128,"SQ_INSTS_VALU",0.00000000e+00,96454165977864,96454170844674
12938,12938,"Agent 2",1,922532,922532,557056,37,"gemm_hfq4g256_mmq_x256y64_group128_quad_row_u32x2_full_set",256,0,20,256,0,128,"SQ_INSTS_VALU",0.00000000e+00,96454170904234,96454175773644
12941,12941,"Agent 2",1,922532,922532,163840,35,"gemm_hfq4g256_mmq_x256y64_group128_quad_row_u32x2_full_add",256,0,20,256,0,128,"SQ_INSTS_VALU",0.00000000e+00,96454176919595,96454181851245
12944,12944,"Agent 2",1,922532,922532,327680,37,"gemm_hfq4g256_mmq_x256y64_group128_quad_row_u32x2_full_set",256,0,20,256,0,128,"SQ_INSTS_VALU",0.00000000e+00,96454182161485,96454184959691
12945,12945,"Agent 2",1,922532,922532,196608,37,"gemm_hfq4g256_mmq_x256y64_group128_quad_row_u32x2_full_set",256,0,20,256,0,128,"SQ_INSTS_VALU",0.00000000e+00,96454185009651,96454186717174
12955,12955,"Agent 2",1,922532,922532,163840,35,"gemm_hfq4g256_mmq_x256y64_group128_quad_row_u32x2_full_add",256,0,20,256,0,128,"SQ_INSTS_VALU",0.00000000e+00,96454191037583,96454192806507
12958,12958,"Agent 2",1,922532,922532,557056,37,"gemm_hfq4g256_mmq_x256y64_group128_quad_row_u32x2_full_set",256,0,20,256,0,128,"SQ_INSTS_VALU",0.00000000e+00,96454193054747,96454197860117
12959,12959,"Agent 2",1,922532,922532,557056,37,"gemm_hfq4g256_mmq_x256y64_group128_quad_row_u32x2_full_set",256,0,20,256,0,128,"SQ_INSTS_VALU",0.00000000e+00,96454197918877,96454202743367
12962,12962,"Agent 2",1,922532,922532,163840,35,"gemm_hfq4g256_mmq_x256y64_group128_quad_row_u32x2_full_add",256,0,20,256,0,128,"SQ_INSTS_VALU",0.00000000e+00,96454203902009,96454208858019
12965,12965,"Agent 2",1,922532,922532,327680,37,"gemm_hfq4g256_mmq_x256y64_group128_quad_row_u32x2_full_set",256,0,20,256,0,128,"SQ_INSTS_VALU",0.00000000e+00,96454209165260,96454212003425
12966,12966,"Agent 2",1,922532,922532,196608,37,"gemm_hfq4g256_mmq_x256y64_group128_quad_row_u32x2_full_set",256,0,20,256,0,128,"SQ_INSTS_VALU",0.00000000e+00,96454212062025,96454213746909
12976,12976,"Agent 2",1,922532,922532,163840,35,"gemm_hfq4g256_mmq_x256y64_group128_quad_row_u32x2_full_add",256,0,20,256,0,128,"SQ_INSTS_VALU",0.00000000e+00,96454218064038,96454219859601
12979,12979,"Agent 2",1,922532,922532,557056,37,"gemm_hfq4g256_mmq_x256y64_group128_quad_row_u32x2_full_set",256,0,20,256,0,128,"SQ_INSTS_VALU",0.00000000e+00,96454220112762,96454225022292
12980,12980,"Agent 2",1,922532,922532,557056,37,"gemm_hfq4g256_mmq_x256y64_group128_quad_row_u32x2_full_set",256,0,20,256,0,128,"SQ_INSTS_VALU",0.00000000e+00,96454225080652,96454229961462
12983,12983,"Agent 2",1,922532,922532,163840,35,"gemm_hfq4g256_mmq_x256y64_group128_quad_row_u32x2_full_add",256,0,20,256,0,128,"SQ_INSTS_VALU",0.00000000e+00,96454231134864,96454236081994
12986,12986,"Agent 2",1,922532,922532,393216,37,"gemm_hfq4g256_mmq_x256y64_group128_quad_row_u32x2_full_set",256,0,20,256,0,128,"SQ_INSTS_VALU",0.00000000e+00,96454236390195,96454239712321
13001,13001,"Agent 2",1,922532,922532,163840,35,"gemm_hfq4g256_mmq_x256y64_group128_quad_row_u32x2_full_add",256,0,20,256,0,128,"SQ_INSTS_VALU",0.00000000e+00,96454245392876,96454247104560
13004,13004,"Agent 2",1,922532,922532,557056,37,"gemm_hfq4g256_mmq_x256y64_group128_quad_row_u32x2_full_set",256,0,20,256,0,128,"SQ_INSTS_VALU",0.00000000e+00,96454247354320,96454251997210
13005,13005,"Agent 2",1,922532,922532,557056,37,"gemm_hfq4g256_mmq_x256y64_group128_quad_row_u32x2_full_set",256,0,20,256,0,128,"SQ_INSTS_VALU",0.00000000e+00,96454252054970,96454256716699
13008,13008,"Agent 2",1,922532,922532,163840,35,"gemm_hfq4g256_mmq_x256y64_group128_quad_row_u32x2_full_add",256,0,20,256,0,128,"SQ_INSTS_VALU",0.00000000e+00,96454257854582,96454262671671
13011,13011,"Agent 2",1,922532,922532,327680,37,"gemm_hfq4g256_mmq_x256y64_group128_quad_row_u32x2_full_set",256,0,20,256,0,128,"SQ_INSTS_VALU",0.00000000e+00,96454262976152,96454265744917
13012,13012,"Agent 2",1,922532,922532,196608,37,"gemm_hfq4g256_mmq_x256y64_group128_quad_row_u32x2_full_set",256,0,20,256,0,128,"SQ_INSTS_VALU",0.00000000e+00,96454265803478,96454267451681
13022,13022,"Agent 2",1,922532,922532,163840,35,"gemm_hfq4g256_mmq_x256y64_group128_quad_row_u32x2_full_add",256,0,20,256,0,128,"SQ_INSTS_VALU",0.00000000e+00,96454271705330,96454273476613
13025,13025,"Agent 2",1,922532,922532,557056,37,"gemm_hfq4g256_mmq_x256y64_group128_quad_row_u32x2_full_set",256,0,20,256,0,128,"SQ_INSTS_VALU",0.00000000e+00,96454273726654,96454278633344
13026,13026,"Agent 2",1,922532,922532,557056,37,"gemm_hfq4g256_mmq_x256y64_group128_quad_row_u32x2_full_set",256,0,20,256,0,128,"SQ_INSTS_VALU",0.00000000e+00,96454278692184,96454283589354
13029,13029,"Agent 2",1,922532,922532,163840,35,"gemm_hfq4g256_mmq_x256y64_group128_quad_row_u32x2_full_add",256,0,20,256,0,128,"SQ_INSTS_VALU",0.00000000e+00,96454284736356,96454289699526
13032,13032,"Agent 2",1,922532,922532,327680,37,"gemm_hfq4g256_mmq_x256y64_group128_quad_row_u32x2_full_set",256,0,20,256,0,128,"SQ_INSTS_VALU",0.00000000e+00,96454290001407,96454292813812
13033,13033,"Agent 2",1,922532,922532,196608,37,"gemm_hfq4g256_mmq_x256y64_group128_quad_row_u32x2_full_set",256,0,20,256,0,128,"SQ_INSTS_VALU",0.00000000e+00,96454292872652,96454294550456
13043,13043,"Agent 2",1,922532,922532,163840,35,"gemm_hfq4g256_mmq_x256y64_group128_quad_row_u32x2_full_add",256,0,20,256,0,128,"SQ_INSTS_VALU",0.00000000e+00,96454298869624,96454300641868
13046,13046,"Agent 2",1,922532,922532,557056,37,"gemm_hfq4g256_mmq_x256y64_group128_quad_row_u32x2_full_set",256,0,20,256,0,128,"SQ_INSTS_VALU",0.00000000e+00,96454300892189,96454305692238
13047,13047,"Agent 2",1,922532,922532,557056,37,"gemm_hfq4g256_mmq_x256y64_group128_quad_row_u32x2_full_set",256,0,20,256,0,128,"SQ_INSTS_VALU",0.00000000e+00,96454305750531,96454310543260
13050,13050,"Agent 2",1,922532,922532,163840,35,"gemm_hfq4g256_mmq_x256y64_group128_quad_row_u32x2_full_add",256,0,20,256,0,128,"SQ_INSTS_VALU",0.00000000e+00,96454311689582,96454316604072
13053,13053,"Agent 2",1,922532,922532,327680,37,"gemm_hfq4g256_mmq_x256y64_group128_quad_row_u32x2_full_set",256,0,20,256,0,128,"SQ_INSTS_VALU",0.00000000e+00,96454316906672,96454319712478
13054,13054,"Agent 2",1,922532,922532,196608,37,"gemm_hfq4g256_mmq_x256y64_group128_quad_row_u32x2_full_set",256,0,20,256,0,128,"SQ_INSTS_VALU",0.00000000e+00,96454319770838,96454321442921
13064,13064,"Agent 2",1,922532,922532,163840,35,"gemm_hfq4g256_mmq_x256y64_group128_quad_row_u32x2_full_add",256,0,20,256,0,128,"SQ_INSTS_VALU",0.00000000e+00,96454325741890,96454327522334
13067,13067,"Agent 2",1,922532,922532,557056,37,"gemm_hfq4g256_mmq_x256y64_group128_quad_row_u32x2_full_set",256,0,20,256,0,128,"SQ_INSTS_VALU",0.00000000e+00,96454327772374,96454332590264
13068,13068,"Agent 2",1,922532,922532,557056,37,"gemm_hfq4g256_mmq_x256y64_group128_quad_row_u32x2_full_set",256,0,20,256,0,128,"SQ_INSTS_VALU",0.00000000e+00,96454332649784,96454337496154
13071,13071,"Agent 2",1,922532,922532,163840,35,"gemm_hfq4g256_mmq_x256y64_group128_quad_row_u32x2_full_add",256,0,20,256,0,128,"SQ_INSTS_VALU",0.00000000e+00,96454338650916,96454343586366
13074,13074,"Agent 2",1,922532,922532,393216,37,"gemm_hfq4g256_mmq_x256y64_group128_quad_row_u32x2_full_set",256,0,20,256,0,128,"SQ_INSTS_VALU",0.00000000e+00,96454343892607,96454347221254
13089,13089,"Agent 2",1,922532,922532,163840,35,"gemm_hfq4g256_mmq_x256y64_group128_quad_row_u32x2_full_add",256,0,20,256,0,128,"SQ_INSTS_VALU",0.00000000e+00,96454352919945,96454354644749
13092,13092,"Agent 2",1,922532,922532,557056,37,"gemm_hfq4g256_mmq_x256y64_group128_quad_row_u32x2_full_set",256,0,20,256,0,128,"SQ_INSTS_VALU",0.00000000e+00,96454354893909,96454359559479
13093,13093,"Agent 2",1,922532,922532,557056,37,"gemm_hfq4g256_mmq_x256y64_group128_quad_row_u32x2_full_set",256,0,20,256,0,128,"SQ_INSTS_VALU",0.00000000e+00,96454359617199,96454364304808
13096,13096,"Agent 2",1,922532,922532,163840,35,"gemm_hfq4g256_mmq_x256y64_group128_quad_row_u32x2_full_add",256,0,20,256,0,128,"SQ_INSTS_VALU",0.00000000e+00,96454365447250,96454370277540
13099,13099,"Agent 2",1,922532,922532,327680,37,"gemm_hfq4g256_mmq_x256y64_group128_quad_row_u32x2_full_set",256,0,20,256,0,128,"SQ_INSTS_VALU",0.00000000e+00,96454370580565,96454373341250
13100,13100,"Agent 2",1,922532,922532,196608,37,"gemm_hfq4g256_mmq_x256y64_group128_quad_row_u32x2_full_set",256,0,20,256,0,128,"SQ_INSTS_VALU",0.00000000e+00,96454373404250,96454375051853
13110,13110,"Agent 2",1,922532,922532,163840,35,"gemm_hfq4g256_mmq_x256y64_group128_quad_row_u32x2_full_add",256,0,20,256,0,128,"SQ_INSTS_VALU",0.00000000e+00,96454379309821,96454381060705
13113,13113,"Agent 2",1,922532,922532,557056,37,"gemm_hfq4g256_mmq_x256y64_group128_quad_row_u32x2_full_set",256,0,20,256,0,128,"SQ_INSTS_VALU",0.00000000e+00,96454381306746,96454386101875
13114,13114,"Agent 2",1,922532,922532,557056,37,"gemm_hfq4g256_mmq_x256y64_group128_quad_row_u32x2_full_set",256,0,20,256,0,128,"SQ_INSTS_VALU",0.00000000e+00,96454386160235,96454390987285
13117,13117,"Agent 2",1,922532,922532,163840,35,"gemm_hfq4g256_mmq_x256y64_group128_quad_row_u32x2_full_add",256,0,20,256,0,128,"SQ_INSTS_VALU",0.00000000e+00,96454392131207,96454397090257
13120,13120,"Agent 2",1,922532,922532,327680,37,"gemm_hfq4g256_mmq_x256y64_group128_quad_row_u32x2_full_set",256,0,20,256,0,128,"SQ_INSTS_VALU",0.00000000e+00,96454397393258,96454400216024
13121,13121,"Agent 2",1,922532,922532,196608,37,"gemm_hfq4g256_mmq_x256y64_group128_quad_row_u32x2_full_set",256,0,20,256,0,128,"SQ_INSTS_VALU",0.00000000e+00,96454400274864,96454401956067
13131,13131,"Agent 2",1,922532,922532,163840,35,"gemm_hfq4g256_mmq_x256y64_group128_quad_row_u32x2_full_add",256,0,20,256,0,128,"SQ_INSTS_VALU",0.00000000e+00,96454406264436,96454408050680
13134,13134,"Agent 2",1,922532,922532,557056,37,"gemm_hfq4g256_mmq_x256y64_group128_quad_row_u32x2_full_set",256,0,20,256,0,128,"SQ_INSTS_VALU",0.00000000e+00,96454408300400,96454413109210
13135,13135,"Agent 2",1,922532,922532,557056,37,"gemm_hfq4g256_mmq_x256y64_group128_quad_row_u32x2_full_set",256,0,20,256,0,128,"SQ_INSTS_VALU",0.00000000e+00,96454413167410,96454417979340
13138,13138,"Agent 2",1,922532,922532,163840,35,"gemm_hfq4g256_mmq_x256y64_group128_quad_row_u32x2_full_add",256,0,20,256,0,128,"SQ_INSTS_VALU",0.00000000e+00,96454419123702,96454424072392
13141,13141,"Agent 2",1,922532,922532,327680,37,"gemm_hfq4g256_mmq_x256y64_group128_quad_row_u32x2_full_set",256,0,20,256,0,128,"SQ_INSTS_VALU",0.00000000e+00,96454424372713,96454427205998
13142,13142,"Agent 2",1,922532,922532,196608,37,"gemm_hfq4g256_mmq_x256y64_group128_quad_row_u32x2_full_set",256,0,20,256,0,128,"SQ_INSTS_VALU",0.00000000e+00,96454427265039,96454428956322
13152,13152,"Agent 2",1,922532,922532,163840,35,"gemm_hfq4g256_mmq_x256y64_group128_quad_row_u32x2_full_add",256,0,20,256,0,128,"SQ_INSTS_VALU",0.00000000e+00,96454433304091,96454435093174
13155,13155,"Agent 2",1,922532,922532,557056,37,"gemm_hfq4g256_mmq_x256y64_group128_quad_row_u32x2_full_set",256,0,20,256,0,128,"SQ_INSTS_VALU",0.00000000e+00,96454435342425,96454440212354
13156,13156,"Agent 2",1,922532,922532,557056,37,"gemm_hfq4g256_mmq_x256y64_group128_quad_row_u32x2_full_set",256,0,20,256,0,128,"SQ_INSTS_VALU",0.00000000e+00,96454440275674,96454445147803
13159,13159,"Agent 2",1,922532,922532,163840,35,"gemm_hfq4g256_mmq_x256y64_group128_quad_row_u32x2_full_add",256,0,20,256,0,128,"SQ_INSTS_VALU",0.00000000e+00,96454446291806,96454451281896
13162,13162,"Agent 2",1,922532,922532,393216,37,"gemm_hfq4g256_mmq_x256y64_group128_quad_row_u32x2_full_set",256,0,20,256,0,128,"SQ_INSTS_VALU",0.00000000e+00,96454451588176,96454454947263
13177,13177,"Agent 2",1,922532,922532,163840,35,"gemm_hfq4g256_mmq_x256y64_group128_quad_row_u32x2_full_add",256,0,20,256,0,128,"SQ_INSTS_VALU",0.00000000e+00,96454460671075,96454462397318
13180,13180,"Agent 2",1,922532,922532,557056,37,"gemm_hfq4g256_mmq_x256y64_group128_quad_row_u32x2_full_set",256,0,20,256,0,128,"SQ_INSTS_VALU",0.00000000e+00,96454462644599,96454467311248
13181,13181,"Agent 2",1,922532,922532,557056,37,"gemm_hfq4g256_mmq_x256y64_group128_quad_row_u32x2_full_set",256,0,20,256,0,128,"SQ_INSTS_VALU",0.00000000e+00,96454467369848,96454472074178
13184,13184,"Agent 2",1,922532,922532,163840,35,"gemm_hfq4g256_mmq_x256y64_group128_quad_row_u32x2_full_add",256,0,20,256,0,128,"SQ_INSTS_VALU",0.00000000e+00,96454473215740,96454478065470
